Pregnancies,Glucose,BloodPressure,SkinThickness,Insulin,BMI,DiabetesPedigreeFunction,Age,Outcome
-0.8347736965656157,-0.8383945586731611,2.7320257497139213,0.0071424110802687,0.0111285862308433,-1.4494477131351062,-0.8941078825781863,-0.5404581575965516,0
-0.2469744664395313,-0.3476632210447531,-1.3757213106614188,1.3351844713177508,0.0111285862308433,-0.3146827271938056,0.3227271455763463,-0.2781016123853214,0
-0.8347736965656157,-0.4458094885704347,1.362776729588808,-1.3208996491572131,0.0111285862308433,-0.7567989554826239,-0.2231102813386868,-0.8028147028077817,0
-0.5408740815025735,-1.067402516233085,1.5339328571044473,0.1399466171040169,0.0111285862308433,0.1863823315335215,-0.5985908043120856,0.7713245684595988,0
0.3408247636865531,0.4702223416692601,1.0204644745575298,1.600792883365247,-1.4967397560373392,0.4074404456779307,-0.6194508333661632,0.1591592963000619,1
-0.5408740815025735,-0.707532868638919,-0.691096800598862,-0.7896828250622203,0.0111285862308433,-0.373631557632315,-0.3343637696271013,-1.0651712480190116,0
0.9286239938126376,-0.0859398409762689,-0.0064722905363053,0.0071424110802687,0.0111285862308433,-1.0368059000655423,-0.8871545395601603,0.3340636597742153,0
0.9286239938126376,-0.8056791361646005,0.335839964494973,0.4055550291515133,-1.4967397560373392,1.2769356946459398,1.4144019994064123,-0.103197248911168,1
0.6347243787495953,-0.6093866011132374,-0.5199406730832229,0.0071424110802687,0.0111285862308433,-1.1694407685521877,-0.7480876791996423,-0.3655537941223981,0
-1.128673311628658,0.830091989263426,1.1060425383153494,1.7999991924008694,0.0111285862308433,1.5569426392288577,-0.3100270690640106,-0.8028147028077817,0
0.9286239938126376,-0.6421020236217979,0.1646838369793338,1.4679886773414987,-1.4967397560373392,0.7316590130897311,-0.9045378971052253,1.0336811136708288,0
-0.5408740815025735,-0.0532244184677083,0.335839964494973,1.0695760592702543,-1.4967397560373392,1.100089203330413,-0.8662945105060825,-0.3655537941223981,0
-1.128673311628658,-0.9038254036902822,-0.0064722905363053,0.0071424110802687,0.0111285862308433,0.0242730478276213,-0.7237509786365516,-0.715362521070705,0
-0.5408740815025735,0.6665148767206233,0.8493083470418905,-1.4537038551809611,-1.4967397560373392,-1.1104919381136789,1.031968133414988,-1.0651712480190116,0
-1.128673311628658,0.1103526940750942,2.047401239651365,0.0071424110802687,0.0111285862308433,-1.4347105055254787,-0.7028909495824739,-1.0651712480190116,0
1.2225236088756797,0.1430681165836548,1.362776729588808,0.936771853246506,-1.4967397560373392,0.9232427120148852,-0.4004205282983474,1.3834898406191356,0
-0.8347736965656157,-0.4130940660618742,-1.0334090556301403,-1.91851857626408,1.475290599737629,-1.007331484846288,1.6786290340913963,-1.0651712480190116,0
-0.2469744664395313,1.320823326891834,-1.718033565692697,1.2023802652940023,0.0111285862308433,0.7316590130897311,0.6530109389325764,-0.8028147028077817,1
-0.8347736965656157,-0.707532868638919,0.1646838369793338,-1.91851857626408,-1.4967397560373392,-1.876826733814297,-1.0957548301009372,-0.4530059758594748,0
-1.128673311628658,0.0776372715665337,-1.3757213106614188,-1.91851857626408,-1.4967397560373392,-1.5378709587928696,-0.0423233628700134,-1.0651712480190116,0
0.9286239938126376,2.367716847165771,-0.3487845455675837,-0.1256617949434794,0.0111285862308433,0.540075314164576,0.9763413892707806,0.6838723867225222,1
-1.128673311628658,1.320823326891834,0.335839964494973,0.936771853246506,0.0111285862308433,2.559072756683513,-0.3482704556631531,-0.6279103393336283,1
-0.5408740815025735,0.0449218490579732,-2.0603458207239758,0.4055550291515133,1.475290599737629,1.4537821859614677,0.1940902997428671,-0.6279103393336283,0
0.3408247636865531,-0.216801531010511,2.218557367167004,0.0071424110802687,0.0111285862308433,2.706444832779786,-0.8871545395601603,-0.4530059758594748,1
2.6920216841908906,0.9936691018062286,1.5339328571044473,0.5383592351752615,-1.4967397560373392,-0.8010105783115058,0.9276679881445992,0.8587767501966755,1
-1.128673311628658,-1.5908492763700532,-0.0064722905363053,0.0071424110802687,0.0111285862308433,-1.6410314120602605,-0.4247572288614378,-0.715362521070705,0
1.516423223938722,1.1245307918404708,1.1916206020731688,0.0071424110802687,0.0111285862308433,-1.0957547305040514,-0.8141444378708883,1.7332985675674424,1
-0.8347736965656157,0.4702223416692601,0.1646838369793338,1.7999991924008694,1.475290599737629,0.7611334283089851,-0.2265869528476997,-0.8028147028077817,0
2.1042224540648062,-0.0532244184677083,0.6781522195262514,1.0695760592702543,1.475290599737629,1.4832566011807211,1.1154082496312987,1.296037658882059,1
-0.5408740815025735,-0.707532868638919,-0.5199406730832229,-1.188095443133465,-1.4967397560373392,0.0979590858757576,1.4004953133703604,-0.4530059758594748,1
-0.8347736965656157,-0.5112403335875558,-0.1776284180519445,-0.1256617949434794,0.7978425039359821,0.2895427848009129,-1.1200915306640278,-0.977719066281935,0
-0.8347736965656157,-0.4130940660618742,-1.3757213106614188,-1.0552912371097167,0.7978425039359821,-1.0368059000655423,1.28228848206392,-0.8902668845448583,0
0.6347243787495953,-0.4785249110789952,1.362776729588808,0.0071424110802687,0.0111285862308433,0.6727101826512212,0.9137613021085476,-0.1906494306482447,0
-1.128673311628658,-0.5766711786046769,-0.691096800598862,-0.7896828250622203,-0.8629979889970886,-0.653638502215233,-0.0353700198519875,-0.8902668845448583,0
1.516423223938722,1.0590999468233495,0.5069960920106121,0.1399466171040169,-1.4967397560373392,-0.1967850663167878,-1.0436047574657428,1.0336811136708288,0
-0.2469744664395313,-0.3476632210447531,-0.8622529281145013,0.0071424110802687,0.0111285862308433,-1.4199732979158513,-1.1200915306640278,-1.0651712480190116,0
-0.8347736965656157,-1.5908492763700532,-1.8891896932083363,-1.91851857626408,0.0111285862308433,-1.3610244674773424,-0.7515643507086552,-1.0651712480190116,0
-0.8347736965656157,-0.0859398409762689,-1.546877438177058,-1.91851857626408,-1.4967397560373392,-1.4641849207447333,-0.9010612255962122,-0.8028147028077817,0
1.2225236088756797,1.942416354554484,-0.3487845455675837,0.936771853246506,1.475290599737629,-0.3146827271938056,0.5243740930990972,2.345463839726979,1
-0.5408740815025735,0.1103526940750942,-1.0334090556301403,-1.188095443133465,1.234905791549948,0.2305939543624029,-1.3078317921507272,-0.1906494306482447,0
0.0469251486235109,1.6806929744859995,-0.1776284180519445,-1.91851857626408,1.475290599737629,-0.373631557632315,-0.3587004701901919,-0.0157450671740913,1
-0.5408740815025735,1.1572462143490312,0.1646838369793338,0.8039676472227579,1.475290599737629,1.0558775805015306,-1.1479049027361314,-0.2781016123853214,0
1.516423223938722,1.386254171908955,1.0204644745575298,-1.0552912371097167,0.0111285862308433,-0.2115222739264148,1.2753351390458942,-0.103197248911168,1
0.3408247636865531,-0.8711099811817217,-0.0064722905363053,0.5383592351752615,0.0111285862308433,0.8053450511378676,-0.3274104266090754,-0.5404581575965516,0
-0.2469744664395313,1.3535387494003943,-0.1776284180519445,-1.4537038551809611,-1.4967397560373392,-0.0936246130493964,-0.6820309205283962,-0.4530059758594748,1
1.2225236088756797,2.171424312114408,0.5069960920106121,0.0071424110802687,0.0111285862308433,2.308540227319849,-1.1374748882090926,0.8587767501966755,1
2.1042224540648062,0.5356531866863812,0.335839964494973,0.0071424110802687,0.0111285862308433,0.1421707087046401,-0.1535768511584279,0.1591592963000619,0
-0.8347736965656157,-1.39455674131869,0.6781522195262514,-0.524074413014724,-1.4967397560373392,-1.007331484846288,0.4131206048106827,-0.977719066281935,0
-0.5408740815025735,-0.3149477985361926,0.5069960920106121,1.7999991924008694,1.234905791549948,1.0558775805015306,-1.0053613708666005,-0.8028147028077817,0
-0.8347736965656157,-0.9365408261988428,-0.1776284180519445,0.2727508231277651,0.0111285862308433,-0.2704711043649242,-0.5186273596047876,-0.8902668845448583,0
-0.8347736965656157,0.6992302992291838,1.1916206020731688,0.1399466171040169,1.475290599737629,-0.3146827271938056,1.4874121010956842,-0.8902668845448583,0
-0.8347736965656157,-0.6748174461303584,-1.8891896932083363,-1.8521164732522055,-1.4967397560373392,-1.1841779761618152,0.2149503287969448,-0.6279103393336283,0
-0.5408740815025735,-0.0859398409762689,-0.0064722905363053,0.0071424110802687,0.0111285862308433,-1.8620895262046693,1.2788118105549071,2.749930180260959,0
1.2225236088756797,0.1430681165836548,0.1646838369793338,1.2023802652940023,-1.4967397560373392,-0.9336454467981516,-1.0505581004837687,0.5089680232483688,0
-0.2469744664395313,-0.8383945586731611,-1.3757213106614188,0.6711634411990097,-0.9504106465198818,-1.1104919381136789,1.6681990195643577,0.5089680232483688,0
2.1042224540648062,0.4375069191606995,-0.0064722905363053,0.0071424110802687,0.0111285862308433,2.706444832779786,0.395737247265618,0.5964202049854455,1
0.0469251486235109,-1.4927030088443718,-0.8622529281145013,0.0071424110802687,0.0111285862308433,0.2600683695816579,-0.2544003249198034,-0.715362521070705,0
0.0469251486235109,0.1103526940750942,0.6781522195262514,0.0071424110802687,0.0111285862308433,0.0095358402179938,0.2497170438870743,-0.5404581575965516,1
-1.128673311628658,1.9097009320459235,1.5339328571044473,-0.3912702069909757,-1.4967397560373392,0.6284985598223398,-0.5221040311138005,0.1591592963000619,1
-0.8347736965656157,-1.6562801213871745,-0.8622529281145013,0.0071424110802687,0.0111285862308433,-1.5378709587928696,-0.1674835371944797,-0.6279103393336283,0
-0.8347736965656157,-0.1513706859933899,-0.3487845455675837,0.8039676472227579,0.0111285862308433,-0.0346757826108875,-0.2613536679378293,-0.977719066281935,0
0.0469251486235109,-0.3803786435533137,-0.5199406730832229,0.0071424110802687,0.0111285862308433,-0.049412990220515,0.0237333958012324,-0.3655537941223981,0
-1.128673311628658,1.4189695944175156,0.335839964494973,1.7999991924008694,1.475290599737629,2.308540227319849,-0.7133209641095127,-0.6279103393336283,0
-0.5408740815025735,1.7461238195031208,1.362776729588808,0.0071424110802687,0.0111285862308433,-1.37576167508697,-0.4803839730056451,-0.977719066281935,0
-0.8347736965656157,0.0122064265494126,-0.691096800598862,0.4055550291515133,1.475290599737629,0.4221776532875582,0.7920777992930942,-0.2781016123853214,1
-0.5408740815025735,-0.3149477985361926,0.2502619007371534,0.4055550291515133,0.0111285862308433,0.510600898945322,-1.09923150160995,-1.0651712480190116,0
0.0469251486235109,-0.8056791361646005,-1.0334090556301403,-0.7896828250622203,0.0111285862308433,-0.5946896717767242,-0.07361340645113,-0.977719066281935,0
-0.8347736965656157,-0.4458094885704347,-1.0334090556301403,1.7999991924008694,1.475290599737629,0.481126483726067,-0.1709602087034927,-0.8028147028077817,0
-0.2469744664395313,1.7134083969945604,-1.2045651831457795,-0.9224870310859684,1.475290599737629,0.0979590858757576,0.4478873199008122,0.2466114780371386,1
-1.128673311628658,0.1430681165836548,1.0204644745575298,0.0071424110802687,1.475290599737629,-0.2262594815360422,0.1940902997428671,-0.8028147028077817,0
-0.5408740815025735,-0.3149477985361926,-0.5199406730832229,-0.9224870310859684,0.0111285862308433,-1.0662803152847968,-0.5464407316768912,-0.8028147028077817,0
-0.8347736965656157,1.026384524314789,0.8493083470418905,1.7335970893889951,1.475290599737629,1.2327240718170582,0.7746944417480298,-0.8902668845448583,0
1.516423223938722,-2.114296036507022,0.6781522195262514,1.0695760592702543,0.0111285862308433,0.0832218782661302,-1.2800184200786235,0.6838723867225222,0
0.0469251486235109,-1.198264206267327,-1.2045651831457795,-0.9224870310859684,-1.4967397560373392,-0.653638502215233,-0.5499174031859042,-0.4530059758594748,0
0.3408247636865531,-1.100117938741645,0.5069960920106121,0.1399466171040169,0.0111285862308433,-0.6831129174344875,-0.7167976356185257,0.3340636597742153,0
1.810322839001764,-1.5254184313529322,0.8493083470418905,0.0071424110802687,0.0111285862308433,0.1569079163142666,-0.6994142780734609,0.421515841511292,0
-0.8347736965656157,-1.067402516233085,0.335839964494973,0.6711634411990097,-1.4967397560373392,-0.1525734434879058,-0.9462579552133804,-0.8902668845448583,0
-1.128673311628658,0.4375069191606995,-0.3487845455675837,1.7335970893889951,1.475290599737629,1.4832566011807211,-0.3447937841541401,-0.8028147028077817,1
-0.8347736965656157,1.6479775519774391,-0.3487845455675837,1.7999991924008694,1.475290599737629,1.4979938087903488,0.8268445143832237,-0.4530059758594748,1
1.516423223938722,-0.5112403335875558,-1.718033565692697,0.0071424110802687,0.0111285862308433,-0.1525734434879058,-0.2926437115189458,0.7713245684595988,0
1.516423223938722,1.6152621294688787,2.7320257497139213,-0.6568786190384721,1.475290599737629,1.940110037079167,0.8929012730544698,1.8207507493045192,1
-0.8347736965656157,-1.4599875863358112,-1.3757213106614188,0.1399466171040169,-1.4967397560373392,0.1569079163142666,2.6112461663841207,-0.8028147028077817,0
-0.8347736965656157,-0.0859398409762689,1.362776729588808,1.600792883365247,1.475290599737629,1.92537282946954,0.1488935701256987,-0.6279103393336283,0
-0.5408740815025735,-0.9692562487074032,-0.8622529281145013,-0.1256617949434794,0.0111285862308433,-0.0936246130493964,-1.1618115887721832,-0.8028147028077817,0
-0.8347736965656157,-0.8056791361646005,-0.691096800598862,-1.3208996491572131,-1.4967397560373392,-2.068410432739452,-0.5742541037489949,-1.0651712480190116,0
-0.5408740815025735,-0.4458094885704347,-0.8622529281145013,-1.91851857626408,1.475290599737629,-1.022068692455915,1.4491687144965415,-0.977719066281935,0
-1.128673311628658,-0.2495169535190715,0.6781522195262514,0.6711634411990097,1.475290599737629,1.7632635457636403,-1.033174742938704,-0.5404581575965516,0
0.0469251486235109,2.0405626220801656,0.5069960920106121,1.3351844713177508,1.475290599737629,0.7021845978704762,-0.695937606564448,-0.1906494306482447,1
-0.8347736965656157,-0.2495169535190715,-0.5199406730832229,0.936771853246506,1.475290599737629,0.8642938815763764,-0.6090208188391244,-1.0651712480190116,0
2.1042224540648062,0.4702223416692601,1.0204644745575298,0.8039676472227579,0.3607792163220161,-0.5799524641670967,-0.7098442926004997,0.7713245684595988,1
-0.8347736965656157,0.1103526940750942,-1.8891896932083363,1.4679886773414987,1.475290599737629,0.1569079163142666,1.7307791067265903,-0.4530059758594748,1
0.3408247636865531,-1.100117938741645,-0.5199406730832229,-1.0552912371097167,-1.4967397560373392,-1.1547035609425609,-0.4247572288614378,-0.2781016123853214,0
0.0469251486235109,0.404791496652139,-0.0064722905363053,0.0071424110802687,0.0111285862308433,-1.243126806600324,-0.6507408769472796,2.345463839726979,1
-0.2469744664395313,-1.2309796287758874,-0.0064722905363053,0.4055550291515133,0.0111285862308433,0.7316590130897311,-0.6855075920374091,-0.4530059758594748,0
0.9286239938126376,2.138708889605847,-0.3487845455675837,1.3351844713177508,1.475290599737629,0.8053450511378676,-0.7307043216545775,0.6838723867225222,1
-0.5408740815025735,-0.4130940660618742,1.7050889846200863,0.0071424110802687,0.0111285862308433,1.5422054316192313,1.3240085401720756,1.8207507493045192,0
-0.8347736965656157,-1.1655487837587664,-0.5199406730832229,1.7999991924008694,-1.4967397560373392,1.3358845250844489,1.574328888821008,-0.3655537941223981,0
-0.8347736965656157,-0.4785249110789952,-1.8891896932083363,-1.3208996491572131,0.0111285862308433,-0.5799524641670967,-0.9845013418125228,-0.3655537941223981,0
0.0469251486235109,-0.7402482911474795,-0.3487845455675837,1.2023802652940023,0.0111285862308433,0.0832218782661302,-1.109661516136989,-0.0157450671740913,0
-1.128673311628658,0.960953679297668,1.5339328571044473,1.7999991924008694,0.0111285862308433,1.4537821859614677,-0.3239337551000624,-1.0651712480190116,1
0.3408247636865531,-1.5908492763700532,-1.0334090556301403,0.0071424110802687,0.0111285862308433,-0.8010105783115058,-0.6820309205283962,-0.5404581575965516,0
-0.8347736965656157,1.386254171908955,0.8493083470418905,1.7999991924008694,-1.4967397560373392,0.0832218782661302,-0.4282339003704508,1.4709420223562124,0
-0.2469744664395313,-0.0205089959591478,-1.718033565692697,0.0071424110802687,0.0111285862308433,0.5548125217742035,-1.172241603299222,-0.715362521070705,1
-1.128673311628658,1.4844004394346366,-0.0064722905363053,0.0071424110802687,0.0111285862308433,0.0095358402179938,1.303148511117998,-0.2781016123853214,1
-0.5408740815025735,0.7319457217377443,-1.2045651831457795,0.5383592351752615,0.7978425039359821,-0.0936246130493964,-0.146623508140402,-0.715362521070705,1
-0.5408740815025735,0.0122064265494126,-0.1776284180519445,-0.2584660009672276,0.0111285862308433,0.6727101826512212,-0.4317105718794637,-0.5404581575965516,0
0.0469251486235109,0.2412143841093364,-1.0334090556301403,-1.91851857626408,1.475290599737629,-0.697850125044115,0.2184270003059577,-0.1906494306482447,0
-0.8347736965656157,-1.067402516233085,-2.7449703307865323,-1.3208996491572131,-1.4967397560373392,-0.653638502215233,0.3296804885943722,-1.0651712480190116,0
2.838971491722412,1.3535387494003943,-0.0064722905363053,1.600792883365247,-1.037823304042675,1.2769356946459398,1.226661737919713,1.2085854771449822,1
0.6347243787495953,-0.3476632210447531,-0.691096800598862,1.3351844713177508,0.0111285862308433,0.2895427848009129,-0.7098442926004997,-0.8028147028077817,0
0.0469251486235109,-1.0346870937245245,1.362776729588808,1.7999991924008694,-1.4967397560373392,0.8053450511378676,-0.355223798681179,-0.3655537941223981,0
1.2225236088756797,2.433147692182892,0.335839964494973,0.0071424110802687,1.475290599737629,0.7758706359186126,0.4896073780089677,2.083107294515749,1
2.6920216841908906,-0.5112403335875558,-0.0064722905363053,1.7999991924008694,0.0111285862308433,0.6432357674319673,-0.9949313563395618,1.0336811136708288,0
-0.5408740815025735,1.09181536933191,-1.718033565692697,-0.2584660009672276,1.475290599737629,0.9527171272341404,-0.7793777227807589,-0.715362521070705,1
-0.2469744664395313,1.6806929744859995,0.8493083470418905,1.7999991924008694,1.475290599737629,0.9085055044052578,2.6112461663841207,-0.715362521070705,1
-0.2469744664395313,1.6152621294688787,-0.0064722905363053,0.5383592351752615,0.7978425039359821,0.1569079163142666,-0.9219212546502896,-0.8028147028077817,1
1.810322839001764,1.2881079043832733,-0.3487845455675837,-0.7896828250622203,0.5356045313676026,-0.9925942772366604,-0.4803839730056451,1.2085854771449822,1
-0.5408740815025735,-0.9365408261988428,-0.691096800598862,0.4055550291515133,1.475290599737629,0.8495566739667489,0.7294977121308615,-0.8902668845448583,1
1.810322839001764,0.2412143841093364,-0.8622529281145013,0.936771853246506,0.0111285862308433,1.3211473174748225,-0.0805667494691559,0.421515841511292,1
-1.128673311628658,1.9097009320459235,-0.5199406730832229,1.3351844713177508,0.0111285862308433,1.43904497835184,2.6112461663841207,-0.715362521070705,1
-0.2469744664395313,0.0122064265494126,0.5069960920106121,0.0071424110802687,0.0111285862308433,-1.3610244674773424,-0.7307043216545775,0.5964202049854455,0
-0.8347736965656157,1.517115861943197,1.362776729588808,0.0071424110802687,0.0111285862308433,0.4074404456779307,1.5326088307128527,1.6458463858303658,1
-0.8347736965656157,-1.0019716712159636,-1.546877438177058,-0.524074413014724,-1.4967397560373392,-1.0368059000655423,-0.8002377518348365,-0.8902668845448583,0
-0.2469744664395313,-1.3618413188101297,-0.0064722905363053,0.0071424110802687,0.0111285862308433,0.0242730478276213,-1.0088380423756136,-0.977719066281935,0
1.810322839001764,-0.9038254036902822,-0.0064722905363053,-1.4537038551809611,0.0111285862308433,-1.346287259867715,0.4548406629188382,1.9956551127786728,0
0.0469251486235109,2.007847199571605,-0.0064722905363053,0.0071424110802687,0.0111285862308433,-0.5652152565574697,-0.8767245250331215,0.2466114780371386,1
-0.8347736965656157,1.4844004394346366,0.1646838369793338,-1.5865080612047096,1.475290599737629,-1.3020756370388336,-0.0597067204150782,-0.0157450671740913,1
0.6347243787495953,-1.3618413188101297,-0.5199406730832229,0.1399466171040169,0.0111285862308433,-0.8894338239692696,-0.5255807026228135,0.6838723867225222,0
0.9286239938126376,0.6665148767206233,-1.0334090556301403,0.5383592351752615,1.475290599737629,-0.5062664261189603,0.7746944417480298,2.432916021464056,0
0.6347243787495953,-0.1513706859933899,-0.3487845455675837,1.600792883365247,0.0111285862308433,0.9969287500630216,0.9137613021085476,0.6838723867225222,1
-0.8347736965656157,-0.5112403335875558,0.335839964494973,0.0071424110802687,0.0111285862308433,0.7758706359186126,-0.9288745976683156,-0.6279103393336283,0
1.2225236088756797,1.4844004394346366,2.7320257497139213,1.7999991924008694,1.475290599737629,0.7906078435282401,-1.04012808595673,0.8587767501966755,1
-1.128673311628658,0.7973765667548655,0.8493083470418905,0.0071424110802687,0.0111285862308433,1.2179868642074307,2.6112461663841207,0.9462289319337522,0
-0.5408740815025735,-2.1470114590155824,-1.3757213106614188,-0.1256617949434794,-1.4967397560373392,-1.1841779761618152,-0.4595239439515674,-0.977719066281935,0
1.810322839001764,0.3720760741435785,-0.3487845455675837,0.0071424110802687,0.0111285862308433,-0.7715361630922514,-0.7619943652356941,0.2466114780371386,0
-0.8347736965656157,-0.9692562487074032,-0.8622529281145013,-0.524074413014724,-1.4967397560373392,-1.876826733814297,0.0619767824003749,-0.715362521070705,0
1.2225236088756797,-0.4785249110789952,0.6781522195262514,0.0071424110802687,0.0111285862308433,-1.1252291457233057,1.362251926771218,0.0717071145629853,0
-1.128673311628658,1.8769855095373629,1.5339328571044473,-0.2584660009672276,0.0111285862308433,1.748526338154013,0.7712177702390168,-0.8902668845448583,1
0.6347243787495953,-1.132833361250206,0.6781522195262514,0.0071424110802687,0.0111285862308433,-1.331550052258088,-1.321738478186779,-0.103197248911168,0
0.6347243787495953,-0.216801531010511,-1.0334090556301403,1.3351844713177508,0.0111285862308433,0.2158567467527765,-0.7619943652356941,0.5964202049854455,1
0.3408247636865531,-0.2495169535190715,0.1646838369793338,0.0071424110802687,0.0111285862308433,-1.0810175228944243,0.9728647177617676,2.083107294515749,0
1.2225236088756797,1.8769855095373629,-0.0064722905363053,1.7335970893889951,0.3607792163220161,0.0684846706565037,0.8859479300364439,0.2466114780371386,1
-1.128673311628658,-1.0019716712159636,-0.3487845455675837,0.4055550291515133,1.475290599737629,1.129563618549667,-0.2891670400099329,-0.715362521070705,0
1.810322839001764,1.320823326891834,1.0204644745575298,0.0071424110802687,0.0111285862308433,-0.6683757098248605,-0.98102467030351,1.8207507493045192,0
0.9286239938126376,0.3720760741435785,1.0204644745575298,0.0071424110802687,0.0111285862308433,1.1737752413785494,0.805984485329146,0.3340636597742153,0
-0.2469744664395313,-0.6093866011132374,-0.0064722905363053,0.1399466171040169,1.475290599737629,-0.6831129174344875,0.9241913166355864,-0.5404581575965516,0
-0.2469744664395313,-0.7402482911474795,-0.8622529281145013,-1.3208996491572131,-1.4967397560373392,-1.5378709587928696,-0.6437875339292537,-0.6279103393336283,0
-0.8347736965656157,-0.3476632210447531,-0.8622529281145013,-1.91851857626408,1.475290599737629,-1.2136523913810695,-1.1339982167000795,-0.8902668845448583,0
-0.2469744664395313,1.9097009320459235,-0.691096800598862,-0.524074413014724,-1.4967397560373392,0.2600683695816579,-0.6716009060013574,-0.6279103393336283,0
1.2225236088756797,-0.707532868638919,0.335839964494973,0.0071424110802687,0.0111285862308433,0.9527171272341404,-0.9532112982314064,0.7713245684595988,0
-0.5408740815025735,0.7973765667548655,-0.0064722905363053,0.0071424110802687,0.0111285862308433,-0.697850125044115,-0.7793777227807589,-0.4530059758594748,1
-1.128673311628658,-0.9365408261988428,-1.0334090556301403,-0.524074413014724,-1.4967397560373392,-0.5210036337285878,0.2358103578510225,-0.977719066281935,0
-0.8347736965656157,0.895522834280547,-0.3487845455675837,0.0071424110802687,0.0985412437536365,-0.4325803880708239,-0.4004205282983474,0.7713245684595988,1
-1.128673311628658,-0.1840861085019504,-0.691096800598862,1.3351844713177508,1.475290599737629,1.1737752413785494,0.8894246015454569,1.4709420223562124,0
-0.5408740815025735,-0.7402482911474795,-1.0334090556301403,-1.5865080612047096,1.475290599737629,0.6432357674319673,-0.0388466913610005,-1.0651712480190116,0
-0.8347736965656157,-0.8383945586731611,-0.691096800598862,-0.2584660009672276,-1.4967397560373392,0.1421707087046401,-0.6090208188391244,-1.0651712480190116,0
0.6347243787495953,-0.0859398409762689,-1.8891896932083363,-0.9224870310859684,1.475290599737629,-0.7567989554826239,2.6112461663841207,-0.0157450671740913,1
-0.5408740815025735,-0.3149477985361926,-0.3487845455675837,-0.9224870310859684,-1.4967397560373392,0.2748055771912854,-0.5186273596047876,-0.6279103393336283,0
0.3408247636865531,-0.5439557560961163,-0.0064722905363053,0.0071424110802687,1.475290599737629,0.6874473902608487,-1.0609881150108076,-0.4530059758594748,0
-0.8347736965656157,-1.329125896301569,-0.0064722905363053,-1.4537038551809611,-1.4967397560373392,-0.8304849935307602,-0.6298808478932021,-0.8028147028077817,0
0.9286239938126376,1.2881079043832733,1.1916206020731688,0.0071424110802687,0.0111285862308433,-0.2704711043649242,-1.04012808595673,1.2085854771449822,1
0.0469251486235109,0.3066452291264575,-0.3487845455675837,-1.0552912371097167,1.475290599737629,0.1274335010950126,-1.0575114435017947,-0.4530059758594748,0
2.1042224540648062,-1.198264206267327,0.1646838369793338,0.0071424110802687,0.0111285862308433,-0.3146827271938056,-0.5707774322399819,0.1591592963000619,0
-0.2469744664395313,-0.282232376027632,-2.402658075755254,-1.91851857626408,0.0111285862308433,-1.4494477131351062,-1.1270448736820535,-0.977719066281935,0
-0.5408740815025735,-0.6748174461303584,-1.2045651831457795,-1.5865080612047096,1.475290599737629,-1.1841779761618152,0.5208974215900842,-0.8902668845448583,0
1.810322839001764,1.8769855095373629,-0.1776284180519445,0.0071424110802687,0.0111285862308433,0.4221776532875582,-0.9184445831412767,0.3340636597742153,0
0.0469251486235109,-0.2495169535190715,-0.6055187368410425,0.0071424110802687,0.0111285862308433,-1.5231337511832426,-0.1118567930502725,0.3340636597742153,0
-1.128673311628658,-0.6421020236217979,-1.718033565692697,0.0071424110802687,0.0111285862308433,-1.0515431076751691,-1.3425985072408566,-1.0651712480190116,0
-1.128673311628658,1.6806929744859995,0.5069960920106121,0.4055550291515133,1.475290599737629,2.1022193207850672,2.415683394002142,2.170559476252826,0
0.6347243787495953,0.5029377641778207,-0.9478309918723208,0.0071424110802687,0.0111285862308433,-1.1841779761618152,-1.0888014870829112,1.908202931041596,0
0.6347243787495953,-0.6421020236217979,0.8493083470418905,0.0071424110802687,0.0111285862308433,-0.2115222739264148,-0.9879780133215358,0.2466114780371386,1
1.2225236088756797,0.960953679297668,0.5069960920106121,0.4055550291515133,1.475290599737629,1.5716798468384852,0.1801836137068153,0.2466114780371386,1
-0.8347736965656157,0.3720760741435785,2.560869622198282,-0.1256617949434794,1.234905791549948,0.0832218782661302,-0.8002377518348365,1.0336811136708288,1
-1.128673311628658,-0.1513706859933899,0.6781522195262514,0.2727508231277651,-1.4967397560373392,1.9106356218599128,-1.3043551206417143,-0.8028147028077817,0
-0.8347736965656157,-0.4785249110789952,-0.3487845455675837,-1.3208996491572131,0.0111285862308433,-0.8452222011403877,-1.04012808595673,-0.8028147028077817,0
0.0469251486235109,-0.8711099811817217,-0.1776284180519445,0.4055550291515133,0.0111285862308433,-0.0199385750012601,0.5139440785720584,-0.8028147028077817,0
2.398122069127848,-1.2309796287758874,-0.0064722905363053,0.2727508231277651,0.0111285862308433,-0.373631557632315,-0.5812074467670207,1.1211332954079056,1
-0.8347736965656157,-0.4785249110789952,-0.0064722905363053,0.1399466171040169,-1.4967397560373392,-0.2115222739264148,1.2405684239557646,-0.8028147028077817,0
-0.8347736965656157,-0.8711099811817217,0.1646838369793338,-1.0552912371097167,-1.4967397560373392,-0.9336454467981516,0.7260210406218485,0.2466114780371386,0
0.6347243787495953,-0.7402482911474795,-1.0334090556301403,-1.3208996491572131,-1.4967397560373392,-0.7862733707018789,0.1141268550355691,-0.103197248911168,0
1.516423223938722,0.9936691018062286,0.5069960920106121,0.6711634411990097,1.475290599737629,0.2895427848009129,1.490888772604697,-0.0157450671740913,1
-0.8347736965656157,-0.0532244184677083,0.6781522195262514,1.7999991924008694,1.475290599737629,0.9821915424533942,2.42611340852918,0.6838723867225222,0
-1.128673311628658,0.6337994542120627,-0.0064722905363053,0.0071424110802687,0.0111285862308433,1.4979938087903488,-0.9010612255962122,-0.3655537941223981,1
-0.5408740815025735,-1.100117938741645,0.1646838369793338,-1.3208996491572131,-1.4967397560373392,-0.4767920108997058,-0.8176211093799012,-0.977719066281935,0
-0.5408740815025735,-0.5439557560961163,-1.2045651831457795,1.4679886773414987,-1.4967397560373392,0.3927032380683032,-0.831527795415953,-0.715362521070705,0
-0.2469744664395313,0.2084989616007758,-0.0064722905363053,-0.524074413014724,1.475290599737629,0.0242730478276213,0.2949137735042427,-0.5404581575965516,1
-0.2469744664395313,-1.5581338538614928,-0.3487845455675837,-0.1256617949434794,-1.4967397560373392,-0.373631557632315,-0.5951141328030726,-0.8902668845448583,0
1.516423223938722,1.4189695944175156,1.362776729588808,0.0071424110802687,0.0111285862308433,-0.2704711043649242,-0.5638240892219559,1.3834898406191356,1
-1.128673311628658,-0.0859398409762689,-0.691096800598862,-1.4537038551809611,-1.4967397560373392,0.3927032380683032,0.9068079590905216,-0.8902668845448583,0
-0.8347736965656157,-0.8056791361646005,-0.3487845455675837,-1.0552912371097167,0.0111285862308433,-0.742061747872997,2.1931764174253128,-0.977719066281935,0
-0.5408740815025735,-0.9692562487074032,-1.718033565692697,0.0071424110802687,0.0111285862308433,-0.3146827271938056,-1.1235682021730409,-0.977719066281935,0
-0.8347736965656157,-0.9365408261988428,-1.3757213106614188,-1.91851857626408,0.0111285862308433,-1.4347105055254787,-0.1640068656854668,-0.977719066281935,0
2.398122069127848,0.6010840317035022,1.1060425383153494,0.5383592351752615,0.0111285862308433,0.7611334283089851,-0.7654710367447071,0.6838723867225222,0
-0.8347736965656157,1.1572462143490312,-0.0064722905363053,-1.0552912371097167,1.475290599737629,-0.977857069627033,-1.186148289335274,-0.8028147028077817,0
0.3408247636865531,-0.3803786435533137,-0.3487845455675837,0.0071424110802687,0.0111285862308433,-0.9189082391885242,-0.5985908043120856,-0.2781016123853214,0
0.0469251486235109,-0.7402482911474795,-0.0064722905363053,-1.5865080612047096,0.0111285862308433,-0.977857069627033,-0.5916374612940596,-0.4530059758594748,0
0.9286239938126376,0.2412143841093364,-0.3487845455675837,1.7999991924008694,-0.0762840712919498,0.9232427120148852,-0.0875200924871818,0.8587767501966755,1
-0.8347736965656157,0.7973765667548655,-1.3757213106614188,0.0071424110802687,0.0111285862308433,-0.373631557632315,0.3470638461394366,-0.3655537941223981,0
2.1042224540648062,1.09181536933191,0.335839964494973,-0.1256617949434794,1.475290599737629,0.1569079163142666,2.6112461663841207,1.558394204093289,1
0.0469251486235109,-0.3803786435533137,0.335839964494973,-1.188095443133465,-1.4967397560373392,-0.5652152565574697,-1.2035316468803388,-0.5404581575965516,0
-0.5408740815025735,-0.707532868638919,-1.546877438177058,-0.1256617949434794,-1.4967397560373392,0.820082258747494,0.1176035265445821,-0.8028147028077817,0
0.3408247636865531,-0.5766711786046769,0.1646838369793338,0.0071424110802687,0.0111285862308433,-0.5062664261189603,-1.0818481440648853,1.296037658882059,0
-0.8347736965656157,0.0776372715665337,0.1646838369793338,0.936771853246506,0.0111285862308433,-0.653638502215233,-1.2661117340425718,-0.2781016123853214,0
-0.5408740815025735,-0.216801531010511,-0.691096800598862,-0.9224870310859684,0.0111285862308433,-0.2115222739264148,-0.150100179649415,-1.0651712480190116,0
1.516423223938722,1.386254171908955,0.5069960920106121,0.0071424110802687,0.0111285862308433,0.0832218782661302,-1.09923150160995,1.0336811136708288,1
-0.5408740815025735,-0.4458094885704347,-1.718033565692697,-0.3912702069909757,-1.4967397560373392,0.0390102554372487,-0.5081973450777487,-0.977719066281935,0
0.9286239938126376,1.2226770593661522,-0.691096800598862,0.0071424110802687,0.0111285862308433,-0.7125873326537425,-0.5916374612940596,0.5964202049854455,0
-1.128673311628658,-0.5766711786046769,-0.691096800598862,1.0695760592702543,-1.4967397560373392,0.201119539143149,0.1593235846527375,-0.977719066281935,1
1.516423223938722,0.7646611442463049,1.362776729588808,0.6711634411990097,1.475290599737629,-0.2852083119745511,1.0667348485051174,1.7332985675674424,1
-0.2469744664395313,0.2412143841093364,1.7050889846200863,1.7999991924008694,1.475290599737629,0.6137613522127123,1.7516391357806682,-0.103197248911168,1
0.6347243787495953,0.404791496652139,0.6781522195262514,1.0695760592702543,1.475290599737629,2.058007697956186,-0.7863310657987848,1.1211332954079056,1
-0.8347736965656157,-1.100117938741645,-2.7449703307865323,1.7335970893889951,-1.4967397560373392,2.706444832779786,0.1106501835265562,-0.6279103393336283,1
-1.128673311628658,-1.2309796287758874,0.8493083470418905,0.2727508231277651,-0.0762840712919498,0.8790310891860039,-0.8037144233438495,-0.8902668845448583,0
-0.2469744664395313,0.1103526940750942,-1.2045651831457795,0.0071424110802687,0.0111285862308433,-0.0936246130493964,-1.0888014870829112,-0.8028147028077817,0
1.516423223938722,0.6010840317035022,1.876245112135725,0.0071424110802687,0.0111285862308433,0.0684846706565037,0.938098002671638,1.0336811136708288,1
0.6347243787495953,0.7319457217377443,-0.0064722905363053,-0.2584660009672276,1.475290599737629,0.2453311619720304,-0.7272276501455646,0.5964202049854455,0
0.3408247636865531,-0.3476632210447531,-0.0064722905363053,-0.1256617949434794,0.0111285862308433,-1.2283895989906972,-0.1987735807755963,-0.5404581575965516,0
-1.128673311628658,-0.7402482911474795,-0.0064722905363053,0.0071424110802687,0.0111285862308433,-1.0662803152847968,-0.7341809931635904,-0.977719066281935,0
-0.8347736965656157,-0.0859398409762689,-2.402658075755254,1.7999991924008694,-1.4967397560373392,0.481126483726067,-0.6403108624202407,-0.715362521070705,0
0.3408247636865531,-0.1840861085019504,0.1646838369793338,0.0071424110802687,0.0111285862308433,0.0095358402179938,0.6808243110046801,0.1591592963000619,1
1.2225236088756797,1.0590999468233495,0.5069960920106121,0.4055550291515133,0.0111285862308433,0.0242730478276213,-0.07361340645113,1.0336811136708288,1
-0.8347736965656157,0.2084989616007758,2.218557367167004,1.600792883365247,-1.4967397560373392,-0.0346757826108875,2.6112461663841207,-0.0157450671740913,1
-0.8347736965656157,-0.8056791361646005,-0.1776284180519445,-1.8521164732522055,0.0111285862308433,-2.068410432739452,-1.102708173118963,-1.0651712480190116,0
-1.128673311628658,-0.6421020236217979,1.1916206020731688,-1.5865080612047096,-1.4967397560373392,-0.4325803880708239,0.802507813820133,-0.5404581575965516,0
-0.8347736965656157,0.3066452291264575,-0.691096800598862,-1.91851857626408,1.475290599737629,-1.2578640142099515,-0.2613536679378293,-1.0651712480190116,0
2.838971491722412,-0.707532868638919,0.5069960920106121,-0.524074413014724,1.475290599737629,0.6432357674319673,-0.1813902232305315,1.1211332954079056,1
-0.8347736965656157,-0.8056791361646005,-0.1776284180519445,1.4679886773414987,0.0111285862308433,0.8642938815763764,-0.8558644959790437,-0.2781016123853214,0
0.9286239938126376,-0.2495169535190715,-0.691096800598862,0.0071424110802687,0.0111285862308433,-0.7125873326537425,0.9311446596536124,0.0717071145629853,1
-0.2469744664395313,0.2084989616007758,0.5069960920106121,0.0071424110802687,0.0111285862308433,-1.6410314120602605,-0.6820309205283962,1.908202931041596,0
-0.8347736965656157,0.2084989616007758,-2.0603458207239758,1.7999991924008694,1.475290599737629,1.2179868642074307,0.5174207500810712,-0.8028147028077817,1
0.3408247636865531,0.2739298066178969,0.8493083470418905,0.0071424110802687,0.0111285862308433,1.0116659576726492,1.7099190776725128,0.3340636597742153,1
2.1042224540648062,0.1757835390922153,2.7320257497139213,0.0071424110802687,0.0111285862308433,0.9969287500630216,-0.9532112982314064,1.558394204093289,0
-1.128673311628658,0.5029377641778207,-0.1776284180519445,1.2023802652940023,0.0111285862308433,0.1421707087046401,-1.022744728411665,-0.977719066281935,0
0.0469251486235109,-0.216801531010511,-0.0064722905363053,0.0071424110802687,0.0111285862308433,-0.4915292185093333,-0.3065503975549977,1.1211332954079056,1
-1.128673311628658,-0.1186552634848294,-0.691096800598862,-0.7896828250622203,-1.4967397560373392,0.0242730478276213,2.6112461663841207,-1.0651712480190116,0
0.0469251486235109,-0.4130940660618742,-0.691096800598862,1.7999991924008694,-1.4967397560373392,0.3779660304586757,1.5326088307128527,-0.6279103393336283,1
-1.128673311628658,-0.5439557560961163,1.0204644745575298,0.0071424110802687,0.0111285862308433,-0.6389012946056061,0.9624347032347288,2.5203682032011328,1
-1.128673311628658,-0.8711099811817217,0.6781522195262514,1.7999991924008694,-1.4967397560373392,0.6284985598223398,-0.4664772869695933,-0.6279103393336283,0
-0.2469744664395313,-0.6421020236217979,-2.402658075755254,-1.188095443133465,-1.4967397560373392,-0.2115222739264148,-0.2231102813386868,-0.6279103393336283,0
0.6347243787495953,1.451685016926076,0.1646838369793338,0.0071424110802687,0.0111285862308433,-0.8304849935307602,-0.5568707462039301,2.749930180260959,0
-0.5408740815025735,-0.3476632210447531,-1.0334090556301403,0.0071424110802687,0.0111285862308433,-0.8894338239692696,-0.4212805573524249,-0.8902668845448583,0
-1.128673311628658,-0.77296371365604,0.8493083470418905,-1.8521164732522055,-1.4967397560373392,-1.0368059000655423,-0.5742541037489949,-0.977719066281935,0
0.0469251486235109,0.0122064265494126,-0.3487845455675837,0.0071424110802687,0.0111285862308433,0.4074404456779307,-0.2439703103927645,-0.3655537941223981,0
0.9286239938126376,0.9282382567891077,0.5069960920106121,0.0071424110802687,0.0111285862308433,0.4369148608971857,0.7920777992930942,1.8207507493045192,1
-0.2469744664395313,-1.0346870937245245,0.5069960920106121,0.0071424110802687,0.0111285862308433,1.5422054316192313,0.3296804885943722,-1.0651712480190116,0
-1.128673311628658,-0.5766711786046769,0.335839964494973,0.0071424110802687,0.0111285862308433,-2.0389360175201974,0.4096439333016697,-0.5404581575965516,0
-0.8347736965656157,-1.0019716712159636,-0.691096800598862,-0.6568786190384721,0.0111285862308433,-0.4473175956804514,-0.9462579552133804,-1.0651712480190116,0
0.0469251486235109,-0.8711099811817217,-0.691096800598862,0.0071424110802687,0.0111285862308433,-0.0346757826108875,-1.0540347719927816,-0.1906494306482447,1
0.6347243787495953,-0.9692562487074032,-0.8622529281145013,0.4055550291515133,0.0111285862308433,-0.0346757826108875,-1.3182618066777658,1.1211332954079056,0
-0.5408740815025735,0.7973765667548655,0.335839964494973,0.8039676472227579,1.475290599737629,0.8790310891860039,-0.4699539584786062,-0.3655537941223981,0
-1.128673311628658,-1.5581338538614928,-1.718033565692697,-1.91851857626408,-1.4967397560373392,-0.653638502215233,-0.6785542490193832,-0.977719066281935,0
-0.8347736965656157,-1.2964104737930084,-0.691096800598862,-1.91851857626408,-1.4967397560373392,-1.6262942044506334,-0.1709602087034927,-0.8902668845448583,0
2.398122069127848,-0.9692562487074032,-0.8622529281145013,-1.91851857626408,1.475290599737629,-0.6831129174344875,1.6056189324021246,0.9462289319337522,1
-0.8347736965656157,-1.100117938741645,0.5069960920106121,0.0071424110802687,-1.4967397560373392,-0.0346757826108875,-0.3447937841541401,-0.3655537941223981,0
-0.5408740815025735,-0.6421020236217979,1.1916206020731688,0.936771853246506,-0.5133473589059158,1.9548472446887943,-1.172241603299222,-0.8902668845448583,1
-0.2469744664395313,2.269570579640089,-0.3487845455675837,-1.8521164732522055,0.3607792163220161,-0.1967850663167878,-0.5742541037489949,0.0717071145629853,0
0.0469251486235109,-0.1840861085019504,-0.0064722905363053,-1.91851857626408,-1.4967397560373392,-1.4936593359639876,-0.004079976270871,0.3340636597742153,0
-1.128673311628658,-0.707532868638919,-0.1776284180519445,-0.3912702069909757,-1.4967397560373392,-0.2115222739264148,0.461794005936864,-1.0651712480190116,0
-0.8347736965656157,-0.0859398409762689,1.1916206020731688,1.3351844713177508,1.475290599737629,1.969584452298422,1.1953716943385966,-0.3655537941223981,1
-1.128673311628658,-0.4785249110789952,-1.0334090556301403,-0.524074413014724,0.0111285862308433,-0.8599594087500152,-1.1513815742451443,-0.8902668845448583,0
-1.128673311628658,0.2412143841093364,2.7320257497139213,1.7999991924008694,0.3607792163220161,2.706444832779786,-0.5047206735687357,-0.6279103393336283,1
1.516423223938722,1.582546706960318,0.1646838369793338,0.2727508231277651,0.0111285862308433,1.7337891305443855,-0.2126802668116479,0.8587767501966755,1
0.6347243787495953,0.5683686091949417,1.0204644745575298,1.0695760592702543,0.0111285862308433,2.706444832779786,-0.5012440020597229,1.4709420223562124,1
0.0469251486235109,-0.6093866011132374,-1.0334090556301403,0.5383592351752615,1.475290599737629,-1.2136523913810695,1.7446857927626425,-0.0157450671740913,0
-0.5408740815025735,0.0122064265494126,-1.0334090556301403,-1.4537038551809611,-1.4967397560373392,-0.3588943500226875,0.8789945870184179,-0.977719066281935,0
0.0469251486235109,0.960953679297668,1.5339328571044473,1.2023802652940023,0.0111285862308433,-0.373631557632315,-0.5916374612940596,0.2466114780371386,0
-0.2469744664395313,-0.1840861085019504,-0.0064722905363053,0.0071424110802687,0.0111285862308433,-1.287338429429206,-0.9636413127584452,-0.8902668845448583,0
-0.8347736965656157,0.0776372715665337,-1.0334090556301403,0.4055550291515133,0.0111285862308433,0.5253381065549485,0.1732302706887893,-1.0651712480190116,0
1.2225236088756797,-0.4130940660618742,0.335839964494973,1.3351844713177508,-1.037823304042675,-0.6389012946056061,0.6112908808244211,-0.1906494306482447,1
-0.2469744664395313,-1.98343434647278,0.8493083470418905,-0.1256617949434794,0.0111285862308433,0.3190172000201668,-0.7689477082537199,1.1211332954079056,0
-1.128673311628658,-0.9038254036902822,-0.1776284180519445,-0.2584660009672276,-0.9504106465198818,1.6601030924962492,-0.4073738713163733,-1.0651712480190116,0
-0.2469744664395313,-1.067402516233085,0.1646838369793338,-1.7193122672284575,-1.4967397560373392,-0.2704711043649242,0.3018671165222686,0.421515841511292,0
-0.8347736965656157,-0.6093866011132374,0.6781522195262514,-1.91851857626408,-1.4967397560373392,-1.8915639414239245,0.0932668259814914,-0.977719066281935,0
1.2225236088756797,-1.5581338538614928,-0.1776284180519445,1.4679886773414987,-1.4967397560373392,0.4516520685068121,0.8372745289102625,0.5089680232483688,0
-1.128673311628658,0.3066452291264575,-0.0064722905363053,0.0071424110802687,0.0111285862308433,1.6158914696673676,-0.6750775775103702,-0.6279103393336283,1
-0.5408740815025735,0.2084989616007758,-0.691096800598862,1.7335970893889951,0.0111285862308433,1.1443008261592944,2.2140364464793905,-0.8028147028077817,0
0.3408247636865531,0.5683686091949417,0.6781522195262514,0.8039676472227579,1.475290599737629,-0.0936246130493964,-0.3587004701901919,-0.715362521070705,1
-1.128673311628658,1.8769855095373629,-1.8891896932083363,0.936771853246506,1.475290599737629,0.820082258747494,-0.0318933483429746,-0.977719066281935,1
0.9286239938126376,0.6665148767206233,1.5339328571044473,-0.6568786190384721,1.475290599737629,-0.2704711043649242,-1.1687649317902091,0.8587767501966755,1
1.2225236088756797,2.105993467097287,1.5339328571044473,0.8039676472227579,1.475290599737629,0.3337544076297943,-0.1431468366313891,0.3340636597742153,1
1.2225236088756797,-0.0532244184677083,-0.0064722905363053,0.0071424110802687,0.0111285862308433,-0.3294199348034331,-0.9775479987944968,0.421515841511292,1
0.3408247636865531,1.451685016926076,0.335839964494973,0.0071424110802687,0.0111285862308433,1.984321659908049,-0.4317105718794637,-0.5404581575965516,1
1.516423223938722,0.2739298066178969,-0.1776284180519445,0.0071424110802687,0.0111285862308433,0.2895427848009129,0.6530109389325764,1.0336811136708288,1
-0.8347736965656157,-0.8711099811817217,0.8493083470418905,-0.524074413014724,1.475290599737629,0.4074404456779307,-0.8037144233438495,0.8587767501966755,1
-0.8347736965656157,-0.3149477985361926,0.6781522195262514,1.7999991924008694,0.5356045313676026,0.3779660304586757,-0.8593411674880567,-0.8028147028077817,0
0.3408247636865531,-0.6093866011132374,2.7320257497139213,1.0695760592702543,0.0111285862308433,1.0264031652822767,-0.5533940746949171,2.749930180260959,0
-0.5408740815025735,-0.3803786435533137,0.1646838369793338,0.0071424110802687,-0.0762840712919498,0.0242730478276213,0.8129378283471719,-0.5404581575965516,0
0.0469251486235109,0.0449218490579732,-0.8622529281145013,0.0071424110802687,0.0111285862308433,-0.0346757826108875,-0.8280511239069401,0.1591592963000619,1
-0.5408740815025735,-0.7402482911474795,-1.718033565692697,-1.8521164732522055,-1.4967397560373392,-1.1252291457233057,0.6008608662973821,-1.0651712480190116,0
-0.5408740815025735,-1.263695051284448,-0.6055187368410425,-0.1256617949434794,-1.4967397560373392,0.6727101826512212,0.5730474942252786,-0.8028147028077817,0
-0.5408740815025735,-0.707532868638919,-0.3487845455675837,-0.524074413014724,-1.4967397560373392,0.9232427120148852,-0.487337316023671,-0.6279103393336283,0
0.6347243787495953,2.367716847165771,0.5069960920106121,0.0071424110802687,0.0111285862308433,-1.287338429429206,-1.1652882602811965,2.2580116579899028,1
1.810322839001764,-0.216801531010511,2.218557367167004,0.0071424110802687,0.0111285862308433,-1.2136523913810695,1.939379397267368,0.0717071145629853,0
0.9286239938126376,-1.329125896301569,0.5069960920106121,1.4679886773414987,-1.4967397560373392,2.131693736004322,-0.7063676210914869,0.7713245684595988,0
-0.5408740815025735,-0.0532244184677083,-1.546877438177058,0.0071424110802687,0.0111285862308433,-0.8010105783115058,-0.0318933483429746,-0.5404581575965516,0
0.6347243787495953,-0.5766711786046769,0.1646838369793338,-1.4537038551809611,1.475290599737629,-0.3441571424130605,0.8963779445634827,0.6838723867225222,1
1.810322839001764,0.0122064265494126,0.5069960920106121,0.2727508231277651,0.0111285862308433,-0.6831129174344875,0.1662769276707635,1.0336811136708288,0
2.6920216841908906,1.026384524314789,1.362776729588808,1.0695760592702543,1.234905791549948,1.2327240718170582,2.467833466637336,0.5089680232483688,0
1.2225236088756797,-1.198264206267327,-1.4612993744192384,-1.188095443133465,0.0111285862308433,-1.1547035609425609,-1.1409515597181057,0.7713245684595988,0
0.9286239938126376,1.2553924818747129,-1.546877438177058,0.4055550291515133,1.475290599737629,-0.2557338967552967,0.4305039623557475,0.5089680232483688,1
0.6347243787495953,0.0776372715665337,-0.0064722905363053,0.0071424110802687,0.0111285862308433,-0.6831129174344875,-0.3343637696271013,-0.3655537941223981,1
0.0469251486235109,-1.0346870937245245,-0.0064722905363053,0.0071424110802687,0.0111285862308433,-0.6241640869959786,0.5069907355540324,-0.1906494306482447,0
-1.128673311628658,-0.9365408261988428,-1.0334090556301403,0.0071424110802687,0.0111285862308433,0.4516520685068121,-0.6994142780734609,-0.715362521070705,0
2.6920216841908906,-0.5112403335875558,-0.1776284180519445,0.0071424110802687,0.0111285862308433,0.2895427848009129,-0.7411343361816164,1.6458463858303658,0
-0.5408740815025735,-0.6748174461303584,-1.2045651831457795,0.8039676472227579,-1.4967397560373392,-1.5378709587928696,-1.0748948010468595,-0.977719066281935,0
-0.5408740815025735,0.7973765667548655,-0.1776284180519445,1.2023802652940023,1.475290599737629,-0.6241640869959786,-0.4421405864065026,-0.3655537941223981,1
2.1042224540648062,-0.3476632210447531,1.0204644745575298,1.4679886773414987,0.0111285862308433,2.146430943613949,1.6021422608931115,1.0336811136708288,1
0.3408247636865531,-0.1513706859933899,1.1916206020731688,0.1399466171040169,-1.4967397560373392,1.0116659576726492,-0.7411343361816164,0.7713245684595988,0
0.6347243787495953,-0.6093866011132374,-0.0064722905363053,0.4055550291515133,1.475290599737629,0.8053450511378676,-0.487337316023671,1.908202931041596,0
-0.8347736965656157,-1.6562801213871745,0.5069960920106121,1.7999991924008694,-1.4967397560373392,0.1421707087046401,-0.146623508140402,-1.0651712480190116,0
-1.128673311628658,1.3535387494003943,-2.7449703307865323,-0.7896828250622203,-1.4967397560373392,1.2474612794266855,-0.4942906590416969,-0.0157450671740913,0
-0.5408740815025735,-0.5439557560961163,0.2502619007371534,0.0071424110802687,0.0111285862308433,-1.3168128446484604,0.3331571601033852,1.7332985675674424,0
-1.128673311628658,-0.707532868638919,1.362776729588808,1.7999991924008694,-1.3874739341338478,2.146430943613949,1.7307791067265903,-0.1906494306482447,0
-0.2469744664395313,-0.282232376027632,-1.8891896932083363,-1.91851857626408,-1.4967397560373392,-0.4031059728515694,0.5626174796982397,-0.715362521070705,0
-0.8347736965656157,-0.707532868638919,-0.5199406730832229,-1.8521164732522055,-1.4967397560373392,-1.2726012218195786,0.7016843400587578,-0.6279103393336283,0
-1.128673311628658,-1.0019716712159636,0.6781522195262514,0.0071424110802687,0.0111285862308433,0.0242730478276213,0.4757006919729158,-0.5404581575965516,0
2.398122069127848,-0.5112403335875558,0.6781522195262514,0.0071424110802687,0.0111285862308433,-1.2726012218195786,-1.1374748882090926,0.9462289319337522,0
-0.5408740815025735,-1.6562801213871745,-0.1776284180519445,-0.2584660009672276,0.0111285862308433,-0.6241640869959786,0.4235506193377216,-0.977719066281935,0
0.0469251486235109,0.7319457217377443,-1.2045651831457795,-0.1256617949434794,1.234905791549948,-0.4031059728515694,-0.6159741618571503,0.3340636597742153,0
0.3408247636865531,1.1899616368575918,1.0204644745575298,1.600792883365247,1.475290599737629,1.0558775805015306,-0.2404936388837515,-0.3655537941223981,1
1.810322839001764,-0.6748174461303584,1.1916206020731688,1.0695760592702543,0.0111285862308433,1.969584452298422,2.335719949294844,0.421515841511292,1
0.9286239938126376,1.517115861943197,1.362776729588808,1.7335970893889951,1.475290599737629,0.8790310891860039,1.122361592649325,0.5964202049854455,1
-0.2469744664395313,1.582546706960318,-0.691096800598862,1.0695760592702543,1.475290599737629,0.3337544076297943,-0.3760838277352567,-0.2781016123853214,1
-0.2469744664395313,-0.3476632210447531,1.5339328571044473,-1.91851857626408,-1.4967397560373392,-0.5652152565574697,0.1071735120175432,-0.3655537941223981,0
-1.128673311628658,-0.6748174461303584,-0.691096800598862,-1.5865080612047096,0.0111285862308433,-1.655768619669888,-0.7376576646726034,-1.0651712480190116,0
0.3408247636865531,2.138708889605847,0.335839964494973,-0.2584660009672276,1.475290599737629,1.6748403001058767,1.9810994553755232,1.7332985675674424,1
1.2225236088756797,0.0776372715665337,0.335839964494973,-0.6568786190384721,1.475290599737629,-0.5210036337285878,0.7746944417480298,1.6458463858303658,1
-0.8347736965656157,-1.39455674131869,-1.0334090556301403,1.7335970893889951,-1.4967397560373392,1.6601030924962492,0.7434043981669132,-0.8902668845448583,0
0.6347243787495953,0.404791496652139,-0.1776284180519445,-0.7896828250622203,0.3607792163220161,0.4663892761164396,0.2705770729411521,-0.3655537941223981,1
-0.8347736965656157,2.3350014246572104,-1.8891896932083363,-1.7193122672284575,1.475290599737629,-0.9336454467981516,0.6634409534596153,-0.8028147028077817,0
-0.5408740815025735,1.7134083969945604,1.362776729588808,1.0695760592702543,-0.5133473589059158,1.8074751685925217,0.6321509098784988,-0.8028147028077817,1
0.0469251486235109,0.4702223416692601,-0.1776284180519445,0.0071424110802687,0.0111285862308433,-0.1525734434879058,2.4956468387094395,-0.977719066281935,1
-0.5408740815025735,-1.263695051284448,-0.5199406730832229,-0.7896828250622203,-1.4967397560373392,-0.0052013673916326,0.1141268550355691,-0.977719066281935,0
1.810322839001764,-0.6748174461303584,0.335839964494973,1.7999991924008694,1.475290599737629,0.0979590858757576,-1.0192680569026522,2.6078203849382096,0
-0.2469744664395313,-0.7402482911474795,-1.546877438177058,-1.3208996491572131,-1.4967397560373392,-0.977857069627033,-1.0783714725558724,-0.8028147028077817,0
0.0469251486235109,0.5029377641778207,1.0204644745575298,0.0071424110802687,0.0111285862308433,-0.1525734434879058,-0.7376576646726034,-0.2781016123853214,0
-0.8347736965656157,1.942416354554484,-0.691096800598862,0.1399466171040169,1.475290599737629,0.2748055771912854,-0.4734306299876192,0.421515841511292,1
-0.8347736965656157,-0.0205089959591478,0.5069960920106121,1.3351844713177508,-1.4967397560373392,0.9969287500630216,-0.7063676210914869,-0.4530059758594748,0
0.9286239938126376,1.8442700870288025,1.0204644745575298,0.0071424110802687,0.0111285862308433,1.129563618549667,-0.4630006154605803,0.6838723867225222,1
-1.128673311628658,-1.2309796287758874,-0.691096800598862,-0.9224870310859684,-1.4967397560373392,0.5253381065549485,0.2810070874681909,-1.0651712480190116,0
2.398122069127848,-1.100117938741645,0.1646838369793338,1.4679886773414987,-1.4967397560373392,0.4516520685068121,-0.2995970545369718,1.296037658882059,0
-0.5408740815025735,0.2739298066178969,2.047401239651365,0.0071424110802687,0.0111285862308433,-1.4199732979158513,-0.6820309205283962,-1.0651712480190116,0
-0.5408740815025735,0.0122064265494126,0.335839964494973,-0.2584660009672276,1.475290599737629,0.540075314164576,0.0654534539093878,-0.6279103393336283,0
-1.128673311628658,0.2412143841093364,0.6781522195262514,0.0071424110802687,0.0111285862308433,-0.1525734434879058,0.8303211858922367,-0.3655537941223981,0
1.2225236088756797,-0.8711099811817217,-0.0064722905363053,0.0071424110802687,0.0111285862308433,0.6727101826512212,0.0724067969274137,2.083107294515749,0
-0.5408740815025735,-1.0019716712159636,-0.8622529281145013,0.0071424110802687,0.0111285862308433,-0.7273245402633695,0.2114736572879318,-0.977719066281935,0
-1.128673311628658,-2.114296036507022,-1.0334090556301403,0.0071424110802687,0.0111285862308433,-1.552608166402497,0.9415746741806512,2.749930180260959,0
-0.5408740815025735,-1.329125896301569,-0.0064722905363053,-1.8521164732522055,-1.4967397560373392,-0.3146827271938056,0.2879604304862168,-0.715362521070705,0
2.6920216841908906,0.1430681165836548,1.5339328571044473,0.0071424110802687,0.0111285862308433,1.6453658848866215,0.4131206048106827,0.7713245684595988,1
0.9286239938126376,0.4702223416692601,1.5339328571044473,0.0071424110802687,0.0111285862308433,-0.3441571424130605,-0.8836778680511475,1.4709420223562124,0
0.9286239938126376,-0.9038254036902822,-0.691096800598862,-0.524074413014724,-1.4967397560373392,0.1569079163142666,0.95200468870769,0.6838723867225222,0
1.516423223938722,-0.3149477985361926,0.8493083470418905,0.4055550291515133,1.475290599737629,0.2895427848009129,-0.7098442926004997,0.2466114780371386,1
-1.128673311628658,0.5356531866863812,-0.0064722905363053,0.0071424110802687,0.0111285862308433,0.5990241446030848,1.6299556329652154,-0.715362521070705,1
0.6347243787495953,-0.5439557560961163,-0.1776284180519445,0.4055550291515133,-1.4967397560373392,-0.2115222739264148,-1.1896249608442868,0.3340636597742153,0
0.0469251486235109,1.1245307918404708,0.2502619007371534,0.0071424110802687,0.0111285862308433,2.367489057758358,-0.7863310657987848,-0.103197248911168,1
1.2225236088756797,-0.1186552634848294,-0.0064722905363053,-1.3208996491572131,0.0111285862308433,-1.346287259867715,2.6112461663841207,1.1211332954079056,0
-1.128673311628658,-0.5439557560961163,1.5339328571044473,0.0071424110802687,0.0111285862308433,-0.3883687652419419,-0.9288745976683156,1.1211332954079056,0
-0.2469744664395313,2.138708889605847,-0.1776284180519445,-0.9224870310859684,1.475290599737629,0.6137613522127123,-0.1952969092665833,0.2466114780371386,1
0.3408247636865531,0.6992302992291838,0.5069960920106121,0.0071424110802687,0.0111285862308433,1.8811612066406584,-0.9532112982314064,1.2085854771449822,0
0.9286239938126376,0.3720760741435785,1.362776729588808,-1.8521164732522055,1.475290599737629,0.0242730478276213,-0.7028909495824739,0.3340636597742153,0
-1.128673311628658,-0.282232376027632,0.6781522195262514,-1.7193122672284575,0.0111285862308433,-0.1820478587071603,1.4248320139334512,-1.0651712480190116,0
-0.5408740815025735,-0.1186552634848294,0.6781522195262514,0.0071424110802687,0.0111285862308433,1.5716798468384852,0.7955544708021072,-1.0651712480190116,1
1.2225236088756797,1.09181536933191,-0.8622529281145013,-0.3912702069909757,1.475290599737629,0.2600683695816579,0.274053744450165,1.1211332954079056,1
-0.2469744664395313,0.2739298066178969,0.5069960920106121,-0.7896828250622203,-1.4967397560373392,-0.5652152565574697,-0.4908139875326839,0.0717071145629853,1
1.810322839001764,0.2412143841093364,0.335839964494973,-0.1256617949434794,-0.3385220438603294,0.540075314164576,-0.6403108624202407,0.5089680232483688,0
-0.2469744664395313,-0.4785249110789952,-0.8622529281145013,-1.91851857626408,-1.4967397560373392,-1.37576167508697,0.7434043981669132,-0.8902668845448583,1
1.516423223938722,0.404791496652139,0.1646838369793338,0.5383592351752615,-1.4967397560373392,-0.9336454467981516,-0.0145099907979098,2.749930180260959,0
-1.128673311628658,0.1430681165836548,1.1916206020731688,-0.2584660009672276,-0.5133473589059158,-0.7125873326537425,0.1767069421978023,-1.0651712480190116,0
-0.5408740815025735,0.2412143841093364,1.0204644745575298,0.0071424110802687,0.0111285862308433,-0.6241640869959786,-0.6264041763841891,-0.5404581575965516,0
1.810322839001764,-1.754426388912856,2.7320257497139213,-0.7896828250622203,-1.4967397560373392,0.481126483726067,-0.6229275048751761,1.2085854771449822,0
0.6347243787495953,0.2412143841093364,1.5339328571044473,-1.91851857626408,1.475290599737629,-1.8620895262046693,0.4096439333016697,2.345463839726979,0
-1.128673311628658,0.5356531866863812,-1.0334090556301403,0.8039676472227579,1.475290599737629,0.3484916152394218,0.2427637008690484,-1.0651712480190116,1
-1.128673311628658,1.8115546645202416,-1.0334090556301403,0.0071424110802687,1.475290599737629,0.3484916152394218,2.113212972718016,-1.0651712480190116,1
-1.128673311628658,-0.6748174461303584,-0.8622529281145013,0.0071424110802687,0.0111285862308433,-1.5231337511832426,-0.4456172579155156,-0.715362521070705,0
0.6347243787495953,1.320823326891834,-0.8622529281145013,0.0071424110802687,0.0111285862308433,-1.1694407685521877,-0.9949313563395618,1.4709420223562124,1
1.2225236088756797,0.6992302992291838,-0.5199406730832229,0.0071424110802687,0.0111285862308433,0.3927032380683032,-1.1652882602811965,0.6838723867225222,1
0.9286239938126376,-0.2495169535190715,-0.5199406730832229,0.0071424110802687,0.0111285862308433,0.0832218782661302,-0.7167976356185257,0.7713245684595988,1
-1.128673311628658,-0.0532244184677083,0.1646838369793338,-1.4537038551809611,-1.4967397560373392,-0.2557338967552967,-0.6229275048751761,-0.6279103393336283,0
0.0469251486235109,-0.7402482911474795,0.335839964494973,-1.8521164732522055,-1.4967397560373392,-1.331550052258088,-0.838481138433979,-1.0651712480190116,0
0.9286239938126376,1.2226770593661522,-0.5199406730832229,0.0071424110802687,0.0111285862308433,-0.2704711043649242,-0.282213696991907,0.2466114780371386,1
-0.5408740815025735,-0.8711099811817217,-1.546877438177058,-1.91851857626408,-1.4967397560373392,-0.9041710315788968,0.9867714037978196,-0.977719066281935,0
-0.8347736965656157,0.960953679297668,-1.0334090556301403,0.0071424110802687,0.0111285862308433,-0.9041710315788968,-0.9914546848305488,-0.977719066281935,0
-1.128673311628658,0.2084989616007758,-0.3487845455675837,-1.3208996491572131,1.475290599737629,-0.2557338967552967,2.6112461663841207,-0.715362521070705,1
0.6347243787495953,0.960953679297668,-0.8622529281145013,0.2727508231277651,-0.5133473589059158,0.481126483726067,0.7920777992930942,-0.4530059758594748,0
0.0469251486235109,1.0590999468233495,-0.8622529281145013,0.2727508231277651,1.475290599737629,0.0832218782661302,-0.7898077373077977,-0.8902668845448583,0
-0.8347736965656157,-0.7402482911474795,-0.0064722905363053,0.1399466171040169,-1.4967397560373392,0.9379799196245128,-0.1813902232305315,-1.0651712480190116,0
-1.128673311628658,-0.1513706859933899,-0.0064722905363053,0.0071424110802687,0.0111285862308433,0.2305939543624029,1.6264789614562023,0.9462289319337522,0
-0.2469744664395313,-0.0532244184677083,-0.1776284180519445,0.1399466171040169,0.7978425039359821,1.5716798468384852,-0.0423233628700134,-0.2781016123853214,0
-0.5408740815025735,-1.754426388912856,-0.1776284180519445,0.4055550291515133,-1.4967397560373392,-1.0662803152847968,-0.9636413127584452,-0.715362521070705,0
-0.8347736965656157,-0.707532868638919,-0.0064722905363053,-1.91851857626408,-1.4967397560373392,-1.022068692455915,0.6738709679866541,-0.4530059758594748,0
-1.128673311628658,-0.6748174461303584,-0.6055187368410425,-0.1256617949434794,0.0111285862308433,-1.1252291457233057,-0.7898077373077977,-0.977719066281935,0
-0.8347736965656157,0.0122064265494126,1.5339328571044473,1.7999991924008694,1.475290599737629,2.5738099642931407,-0.483860644514658,-0.1906494306482447,1
-0.8347736965656157,2.5312939597085737,0.335839964494973,1.7999991924008694,0.0111285862308433,1.5716798468384852,2.6112461663841207,-0.977719066281935,1
0.3408247636865531,-2.5395965291183087,-0.8622529281145013,0.0071424110802687,0.0111285862308433,-1.0662803152847968,0.4270272908467345,0.2466114780371386,0
0.6347243787495953,2.007847199571605,1.876245112135725,0.0071424110802687,0.0111285862308433,1.2621984870363123,2.6112461663841207,1.0336811136708288,0
-0.5408740815025735,0.0776372715665337,-0.3487845455675837,-0.1256617949434794,1.475290599737629,0.0979590858757576,1.428308685442464,-0.2781016123853214,1
-0.8347736965656157,-1.329125896301569,0.1646838369793338,1.600792883365247,-1.4967397560373392,2.0727449055658123,2.196653088934326,-0.103197248911168,0
-0.5408740815025735,-0.7402482911474795,-0.0064722905363053,0.0071424110802687,0.0111285862308433,-1.4789221283543608,-1.2382983619704682,-0.8902668845448583,0
1.2225236088756797,-1.8525726564385376,-0.0064722905363053,-0.7896828250622203,0.0111285862308433,-0.0346757826108875,0.4722240204639029,0.7713245684595988,0
-1.128673311628658,-0.6421020236217979,0.5069960920106121,1.4679886773414987,-1.4967397560373392,0.3337544076297943,-0.7863310657987848,-0.8028147028077817,0
-0.8347736965656157,0.5683686091949417,-2.2315019482396146,-1.3208996491572131,-1.4967397560373392,-0.5210036337285878,0.6599642819506023,-0.977719066281935,0
-0.2469744664395313,-1.2309796287758874,-0.3487845455675837,0.1399466171040169,-1.4967397560373392,-0.049412990220515,0.4409339768827863,-0.715362521070705,0
-1.128673311628658,0.1757835390922153,0.6781522195262514,1.0695760592702543,1.475290599737629,0.5990241446030848,1.1814650083025449,-0.8902668845448583,0
-1.128673311628658,-0.3476632210447531,-0.6055187368410425,0.0071424110802687,0.0111285862308433,-1.1252291457233057,0.6808243110046801,-0.1906494306482447,0
1.516423223938722,0.7646611442463049,0.6781522195262514,1.7999991924008694,0.3607792163220161,0.8348194663571215,0.6008608662973821,0.5964202049854455,1
1.2225236088756797,0.3720760741435785,-0.0064722905363053,0.0071424110802687,0.0111285862308433,0.0979590858757576,-0.6750775775103702,0.5089680232483688,1
0.6347243787495953,-0.2495169535190715,-0.0064722905363053,0.0071424110802687,0.0111285862308433,0.0242730478276213,-0.9566879697404193,-0.6279103393336283,0
0.0469251486235109,-1.0019716712159636,-0.1776284180519445,0.4055550291515133,-1.4967397560373392,0.1274335010950126,-0.0631833919240912,-0.977719066281935,0
-0.8347736965656157,-1.3618413188101297,-1.4612993744192384,0.0071424110802687,0.0111285862308433,-1.9357755642528056,-0.7167976356185257,-1.0651712480190116,0
-0.8347736965656157,1.6806929744859995,0.1646838369793338,0.0071424110802687,0.0111285862308433,0.6727101826512212,-1.3078317921507272,0.421515841511292,1
0.0469251486235109,0.7646611442463049,0.8493083470418905,-1.4537038551809611,0.0111285862308433,0.0390102554372487,-0.7967610803258236,2.749930180260959,1
0.0469251486235109,0.339360651635018,1.1916206020731688,0.2727508231277651,0.0111285862308433,-0.6241640869959786,-0.1570535226674409,2.6078203849382096,0
0.3408247636865531,0.4702223416692601,0.8493083470418905,0.0071424110802687,0.0111285862308433,0.0242730478276213,0.6112908808244211,2.749930180260959,0
-0.5408740815025735,-0.4458094885704347,-0.691096800598862,0.0071424110802687,0.0111285862308433,-0.2115222739264148,-1.0644647865198205,-1.0651712480190116,0
-0.8347736965656157,1.9097009320459235,-0.0064722905363053,0.0071424110802687,0.0111285862308433,1.6306286772769942,-0.6333575194022151,0.6838723867225222,1
1.810322839001764,-1.0346870937245245,1.1060425383153494,0.4055550291515133,0.0111285862308433,0.3927032380683032,1.2544751099918166,1.9956551127786728,1
1.516423223938722,0.0776372715665337,-0.1776284180519445,0.5383592351752615,1.475290599737629,0.4663892761164396,-0.6333575194022151,0.0717071145629853,0
-1.128673311628658,-1.7871418114214164,0.335839964494973,0.0071424110802687,0.0111285862308433,1.92537282946954,-0.9393046121953544,1.1211332954079056,0
-0.8347736965656157,-0.282232376027632,-0.691096800598862,0.8039676472227579,0.0111285862308433,0.201119539143149,0.274053744450165,-1.0651712480190116,1
-0.2469744664395313,2.3350014246572104,-0.1776284180519445,0.2727508231277651,0.0111285862308433,0.3927032380683032,-0.7759010512717459,-0.715362521070705,1
2.6920216841908906,-0.5766711786046769,-0.0064722905363053,0.0071424110802687,0.0111285862308433,-0.1525734434879058,0.0028733667471549,0.421515841511292,1
-0.5408740815025735,-0.4458094885704347,-0.8622529281145013,0.4055550291515133,-1.4967397560373392,-1.0368059000655423,-1.1687649317902091,-1.0651712480190116,0
0.3408247636865531,1.517115861943197,-0.691096800598862,0.0071424110802687,0.0111285862308433,0.0979590858757576,-1.1444282312271186,0.6838723867225222,1
-0.2469744664395313,-0.8383945586731611,0.5069960920106121,1.3351844713177508,0.0111285862308433,0.7463962206993576,-0.7863310657987848,0.5964202049854455,0
-1.128673311628658,-0.5439557560961163,-0.691096800598862,1.600792883365247,1.4097311065955345,1.3653589403037036,-1.0123147138846265,-0.977719066281935,0
-1.128673311628658,-0.0859398409762689,-0.0064722905363053,0.0071424110802687,0.0111285862308433,0.0242730478276213,-1.1235682021730409,-0.8028147028077817,1
-0.8347736965656157,-0.1186552634848294,-1.2045651831457795,0.936771853246506,-1.4967397560373392,0.1569079163142666,-0.7063676210914869,-0.8902668845448583,0
1.516423223938722,-0.3149477985361926,0.8493083470418905,-0.6568786190384721,0.0111285862308433,-0.5946896717767242,2.6112461663841207,1.4709420223562124,1
0.6347243787495953,-0.6421020236217979,1.5339328571044473,1.3351844713177508,0.0111285862308433,0.510600898945322,0.7294977121308615,-0.4530059758594748,0
-0.2469744664395313,1.6806929744859995,1.0204644745575298,0.5383592351752615,1.475290599737629,0.510600898945322,-0.7167976356185257,-0.977719066281935,1
0.3408247636865531,-1.4599875863358112,0.8493083470418905,1.600792883365247,-1.4967397560373392,0.5253381065549485,-1.0714181295378464,0.1591592963000619,0
0.6347243787495953,-0.77296371365604,-1.2045651831457795,0.5383592351752615,1.475290599737629,0.2600683695816579,-0.1188101360682984,0.8587767501966755,0
2.838971491722412,1.7461238195031208,-0.8622529281145013,0.1399466171040169,0.0111285862308433,0.201119539143149,-0.8767245250331215,0.421515841511292,1
-0.5408740815025735,-1.198264206267327,-0.6055187368410425,0.0071424110802687,0.0111285862308433,1.0853519957207856,1.6195256184381766,-0.5404581575965516,0
-0.8347736965656157,0.5356531866863812,0.8493083470418905,0.0071424110802687,0.0111285862308433,1.159038033768922,-0.7932844088168106,-0.4530059758594748,0
-1.128673311628658,2.2041397346229683,2.7320257497139213,-0.524074413014724,0.0111285862308433,0.3042799924105393,-0.1014267785232336,0.6838723867225222,1
-0.8347736965656157,-0.1840861085019504,-0.1776284180519445,-0.1256617949434794,0.0111285862308433,-0.7125873326537425,-0.9045378971052253,-1.0651712480190116,0
-0.8347736965656157,-1.0346870937245245,-0.3487845455675837,-1.91851857626408,0.0111285862308433,-1.1399663533329332,2.342673292312869,0.2466114780371386,0
-0.5408740815025735,-1.754426388912856,-0.8622529281145013,-1.91851857626408,-1.4967397560373392,-1.7884034881565332,-0.7202743071275387,-0.8902668845448583,0
-0.8347736965656157,-1.0346870937245245,-0.8622529281145013,-1.91851857626408,-1.4967397560373392,-0.742061747872997,0.4026905902836438,-0.8028147028077817,0
-0.5408740815025735,0.5683686091949417,0.2502619007371534,0.0071424110802687,0.0111285862308433,-0.977857069627033,-1.033174742938704,-0.3655537941223981,0
-1.128673311628658,0.0776372715665337,-0.1776284180519445,-1.188095443133465,0.0111285862308433,-0.7125873326537425,-0.7307043216545775,0.2466114780371386,1
1.516423223938722,-1.0019716712159636,-0.3487845455675837,0.0071424110802687,0.0111285862308433,-1.1841779761618152,-0.9184445831412767,2.170559476252826,0
0.3408247636865531,-1.4272721638272508,-2.0603458207239758,0.0071424110802687,0.0111285862308433,0.2158567467527765,0.6599642819506023,-0.715362521070705,0
-0.5408740815025735,-0.77296371365604,-1.0334090556301403,-1.5865080612047096,-0.5133473589059158,0.3632288228490493,-0.9253979261593026,-0.977719066281935,0
-1.128673311628658,0.0449218490579732,-0.0064722905363053,0.0071424110802687,0.0111285862308433,0.5990241446030848,-0.7167976356185257,1.6458463858303658,1
-1.128673311628658,-0.6748174461303584,0.335839964494973,0.0071424110802687,0.0111285862308433,0.510600898945322,-0.9253979261593026,-0.6279103393336283,0
-0.2469744664395313,-0.1840861085019504,0.1646838369793338,-1.8521164732522055,-1.4967397560373392,-0.8746966163596421,-1.241775033479481,-0.8028147028077817,0
0.3408247636865531,0.0449218490579732,0.1646838369793338,1.4679886773414987,-1.4967397560373392,0.2748055771912854,-0.6785542490193832,-0.4530059758594748,0
-1.128673311628658,-0.282232376027632,0.335839964494973,0.0071424110802687,0.0111285862308433,0.1569079163142666,-0.6472642054382667,-0.8902668845448583,1
-0.8347736965656157,0.6010840317035022,0.1646838369793338,-0.3912702069909757,1.475290599737629,-1.1989151837714422,1.2649051245188554,-0.8902668845448583,0
-1.128673311628658,-1.1655487837587664,-0.3487845455675837,0.4055550291515133,0.0111285862308433,0.5253381065549485,-0.7863310657987848,-0.715362521070705,0
1.2225236088756797,-0.4458094885704347,-0.1776284180519445,0.0071424110802687,0.0111285862308433,-0.2557338967552967,1.7064424061635,-0.0157450671740913,1
0.6347243787495953,2.400432269674331,-0.1776284180519445,0.0071424110802687,0.0111285862308433,-0.1967850663167878,-0.4734306299876192,-0.1906494306482447,1
-0.5408740815025735,0.2412143841093364,0.1646838369793338,-0.3912702069909757,1.475290599737629,0.1421707087046401,0.4409339768827863,-0.715362521070705,0
0.9286239938126376,-0.5112403335875558,1.7050889846200863,-1.4537038551809611,0.0111285862308433,-1.4052360903062242,-0.7967610803258236,1.296037658882059,0
-0.5408740815025735,-0.7402482911474795,-0.1776284180519445,-1.7193122672284575,-1.4967397560373392,-1.7441918653276518,-0.7967610803258236,-0.5404581575965516,0
-0.5408740815025735,-0.9038254036902822,0.335839964494973,-1.4537038551809611,-1.4967397560373392,-0.0936246130493964,0.6425809244055376,-0.8902668845448583,0
0.6347243787495953,0.1103526940750942,-0.3487845455675837,0.1399466171040169,-0.5133473589059158,-0.3294199348034331,-0.000603304761858,-0.103197248911168,0
-0.2469744664395313,0.339360651635018,0.6781522195262514,0.0071424110802687,0.0111285862308433,0.3190172000201668,-0.2161569383206609,0.9462289319337522,1
-0.2469744664395313,1.9751317770630443,0.1646838369793338,0.0071424110802687,0.0111285862308433,-0.2557338967552967,-0.4143272143343992,-0.3655537941223981,1
-1.128673311628658,0.9936691018062286,0.8493083470418905,1.3351844713177508,1.475290599737629,1.3653589403037036,-0.6750775775103702,-0.5404581575965516,0
-1.128673311628658,0.339360651635018,0.5069960920106121,0.0071424110802687,0.0111285862308433,0.0242730478276213,-0.2474469819017775,-1.0651712480190116,0
0.3408247636865531,0.830091989263426,0.2502619007371534,0.0071424110802687,0.0111285862308433,-0.3441571424130605,-0.1049034500322466,-0.4530059758594748,0
2.398122069127848,0.6010840317035022,0.8493083470418905,1.7999991924008694,1.475290599737629,1.0264031652822767,0.2219036718149707,2.170559476252826,1
-0.8347736965656157,0.6992302992291838,0.1646838369793338,-0.9224870310859684,-1.4967397560373392,-0.8894338239692696,-0.7237509786365516,-1.0651712480190116,0
-0.2469744664395313,-0.7402482911474795,0.6781522195262514,-1.91851857626408,-1.4967397560373392,-1.9063011490335515,-0.6264041763841891,-0.2781016123853214,0
-1.128673311628658,-0.4130940660618742,1.362776729588808,0.1399466171040169,0.0111285862308433,0.0390102554372487,1.358775255262205,0.421515841511292,1
0.3408247636865531,-0.4130940660618742,-0.8622529281145013,1.600792883365247,0.2733665587992229,0.5253381065549485,0.1732302706887893,-0.715362521070705,1
1.516423223938722,0.0449218490579732,-0.1776284180519445,1.7999991924008694,-1.4967397560373392,0.1274335010950126,-0.3135037405730236,0.5964202049854455,0
0.9286239938126376,-0.4130940660618742,0.6781522195262514,0.2727508231277651,0.0111285862308433,0.540075314164576,2.3044299057137274,0.8587767501966755,1
1.516423223938722,2.0405626220801656,1.1060425383153494,-1.8521164732522055,0.0111285862308433,-0.3294199348034331,2.603423655488841,1.3834898406191356,1
-1.128673311628658,0.5029377641778207,-0.3487845455675837,-1.91851857626408,1.475290599737629,-1.0957547305040514,-1.116614859155015,-1.0651712480190116,0
-0.5408740815025735,-0.8383945586731611,-0.3487845455675837,-1.91851857626408,-1.4967397560373392,-1.6410314120602605,0.6356275813875117,-0.6279103393336283,0
-0.8347736965656157,0.4375069191606995,-1.546877438177058,0.0071424110802687,0.0111285862308433,-0.8157477859211333,0.7746944417480298,2.5203682032011328,0
-0.8347736965656157,0.1103526940750942,-0.1776284180519445,-0.6568786190384721,-1.3874739341338478,-1.1694407685521877,-0.8454344814520048,-0.715362521070705,0
0.3408247636865531,0.0122064265494126,1.1916206020731688,0.0071424110802687,0.0111285862308433,0.3632288228490493,-0.6055441473301114,-0.0157450671740913,0
-0.5408740815025735,-1.5254184313529322,-0.691096800598862,-0.6568786190384721,-1.4967397560373392,-0.373631557632315,-0.3274104266090754,-0.0157450671740913,0
-1.128673311628658,-0.8056791361646005,-0.691096800598862,0.936771853246506,-1.4967397560373392,0.6727101826512212,0.4722240204639029,-0.715362521070705,0
-0.8347736965656157,0.1430681165836548,-1.3757213106614188,0.0071424110802687,1.475290599737629,-0.5210036337285878,1.171034993775506,-1.0651712480190116,0
0.6347243787495953,-0.4130940660618742,-1.0334090556301403,-0.2584660009672276,0.0111285862308433,-1.0662803152847968,-0.8975845540871993,-0.5404581575965516,0
1.810322839001764,0.8628074117719865,1.0204644745575298,1.7999991924008694,1.475290599737629,0.7906078435282401,1.8663692955780955,1.558394204093289,1
0.0469251486235109,0.1757835390922153,1.362776729588808,-1.91851857626408,1.475290599737629,0.3337544076297943,0.465270677445877,-0.4530059758594748,0
-1.128673311628658,0.404791496652139,-1.2045651831457795,-1.188095443133465,1.475290599737629,-0.8599594087500152,-0.3899905137713085,-1.0651712480190116,0
0.0469251486235109,-1.263695051284448,1.1916206020731688,-1.3208996491572131,0.0111285862308433,-0.4325803880708239,-0.5116740165867617,0.0717071145629853,0
0.0469251486235109,-0.9692562487074032,0.6781522195262514,0.0071424110802687,0.0111285862308433,1.468519393571095,-0.7898077373077977,-0.3655537941223981,0
0.6347243787495953,-0.9365408261988428,-1.8891896932083363,0.1399466171040169,-1.4967397560373392,-0.5210036337285878,-0.3760838277352567,-0.8902668845448583,0
-0.8347736965656157,-0.1840861085019504,0.5069960920106121,0.0071424110802687,1.475290599737629,0.569549729383831,0.1106501835265562,-0.715362521070705,0
-0.2469744664395313,-1.4272721638272508,-0.1776284180519445,0.0071424110802687,0.0111285862308433,0.0390102554372487,-0.6750775775103702,0.5089680232483688,0
0.3408247636865531,-0.7402482911474795,0.1646838369793338,-0.2584660009672276,0.0111285862308433,-0.4767920108997058,-0.908014568614238,-0.103197248911168,0
-0.8347736965656157,0.2739298066178969,-1.0334090556301403,-0.7896828250622203,1.475290599737629,-0.5357408413382148,0.7920777992930942,-1.0651712480190116,0
-0.5408740815025735,1.09181536933191,0.1646838369793338,-1.5865080612047096,-1.4967397560373392,-0.8304849935307602,-0.1083801215412595,-0.5404581575965516,1
0.0469251486235109,-0.1513706859933899,-0.691096800598862,-0.2584660009672276,-0.5133473589059158,0.1421707087046401,-0.8141444378708883,-0.8028147028077817,0
0.0469251486235109,-1.2309796287758874,1.5339328571044473,-0.7896828250622203,-1.4967397560373392,1.070614788111158,-1.0609881150108076,-0.715362521070705,0
-1.128673311628658,0.3066452291264575,1.362776729588808,0.0071424110802687,0.0111285862308433,-0.0936246130493964,0.9693880462527548,-0.103197248911168,1
-0.2469744664395313,0.9282382567891077,0.335839964494973,0.0071424110802687,0.0111285862308433,-1.655768619669888,-0.8941078825781863,0.3340636597742153,0
0.9286239938126376,-1.263695051284448,0.5069960920106121,-0.3912702069909757,-1.4967397560373392,-0.4325803880708239,1.0528281624690656,0.2466114780371386,0
0.6347243787495953,2.236855157131529,1.7050889846200863,0.0071424110802687,0.0111285862308433,0.481126483726067,-0.6472642054382667,2.749930180260959,1
1.516423223938722,0.0122064265494126,-1.3757213106614188,0.0071424110802687,0.0111285862308433,0.1569079163142666,2.259233176096559,-0.0157450671740913,1
-1.128673311628658,1.942416354554484,1.362776729588808,1.7999991924008694,1.475290599737629,1.6306286772769942,-0.8419578099429919,-0.6279103393336283,1
1.2225236088756797,-0.3149477985361926,-0.0064722905363053,0.0071424110802687,0.0111285862308433,-1.2726012218195786,1.3066251826270108,2.170559476252826,0
1.2225236088756797,2.367716847165771,0.6781522195262514,0.0071424110802687,0.0111285862308433,-0.9041710315788968,0.3018671165222686,2.749930180260959,0
0.6347243787495953,-1.198264206267327,0.5069960920106121,0.0071424110802687,0.0111285862308433,-0.1525734434879058,-0.2856903685009199,0.7713245684595988,0
0.6347243787495953,0.0449218490579732,-0.0064722905363053,1.7999991924008694,1.475290599737629,0.201119539143149,0.9346213311626252,0.0717071145629853,0
2.838971491722412,0.4702223416692601,-0.1776284180519445,0.4055550291515133,-1.3874739341338478,0.7169218054801036,-1.0818481440648853,0.8587767501966755,1
1.2225236088756797,-0.0532244184677083,1.1916206020731688,0.0071424110802687,0.0111285862308433,-0.5652152565574697,-0.7133209641095127,-0.977719066281935,1
0.6347243787495953,1.0590999468233495,0.1646838369793338,0.4055550291515133,1.475290599737629,-0.4325803880708239,1.303148511117998,0.5089680232483688,0
-0.2469744664395313,-0.3149477985361926,0.1646838369793338,0.1399466171040169,0.0111285862308433,-0.0936246130493964,-0.9288745976683156,-0.715362521070705,1
-0.5408740815025735,-0.707532868638919,-0.1776284180519445,1.7999991924008694,-1.4967397560373392,1.2179868642074307,0.7399277266579003,-0.715362521070705,0
0.0469251486235109,1.0590999468233495,-0.0064722905363053,0.0071424110802687,0.0111285862308433,-0.1378362358782784,-0.4386639148974897,0.3340636597742153,0
0.9286239938126376,1.8769855095373629,1.9618231758935447,0.2727508231277651,0.0111285862308433,0.2895427848009129,-1.0436047574657428,2.345463839726979,0
0.6347243787495953,-0.8383945586731611,-0.0064722905363053,0.0071424110802687,0.0111285862308433,-1.2578640142099515,-0.9532112982314064,-0.4530059758594748,0
-0.8347736965656157,1.942416354554484,0.5069960920106121,1.7335970893889951,1.475290599737629,1.1443008261592944,2.6112461663841207,-0.977719066281935,1
1.2225236088756797,-1.0019716712159636,0.8493083470418905,0.0071424110802687,0.0111285862308433,0.4958636913356945,0.4270272908467345,2.749930180260959,0
-0.8347736965656157,0.1430681165836548,-1.0334090556301403,0.0071424110802687,0.0111285862308433,-0.3146827271938056,-0.4004205282983474,1.2085854771449822,1
0.9286239938126376,2.138708889605847,-1.8891896932083363,0.5383592351752615,1.475290599737629,0.2453311619720304,1.2579517815008294,0.0717071145629853,1
0.0469251486235109,2.007847199571605,-0.5199406730832229,0.0071424110802687,1.475290599737629,2.706444832779786,0.6599642819506023,0.5964202049854455,0
-0.5408740815025735,-1.2309796287758874,-1.8891896932083363,-0.7896828250622203,-1.4967397560373392,-0.2704711043649242,1.7516391357806682,-1.0651712480190116,0
0.9286239938126376,2.400432269674331,-0.1776284180519445,0.5383592351752615,1.475290599737629,-1.0515431076751691,-1.047081428974756,1.908202931041596,1
-0.8347736965656157,-1.0346870937245245,-0.8622529281145013,-1.4537038551809611,-1.4967397560373392,-1.0515431076751691,2.6112461663841207,-0.715362521070705,0
1.516423223938722,-1.067402516233085,-0.8622529281145013,0.0071424110802687,0.0111285862308433,-1.4347105055254787,-1.1200915306640278,-0.0157450671740913,0
-0.8347736965656157,-1.263695051284448,-0.3487845455675837,0.0071424110802687,0.0111285862308433,-2.068410432739452,0.5556641366802137,-0.5404581575965516,0
-0.8347736965656157,-0.1513706859933899,1.362776729588808,-0.6568786190384721,1.475290599737629,0.3337544076297943,-0.2126802668116479,0.5964202049854455,1
-0.8347736965656157,-0.1513706859933899,0.1646838369793338,-1.188095443133465,-1.4967397560373392,-0.6683757098248605,-0.5742541037489949,-1.0651712480190116,0
0.0469251486235109,0.7319457217377443,0.8493083470418905,0.4055550291515133,0.0111285862308433,0.9232427120148852,0.3122971310493075,0.3340636597742153,1
1.810322839001764,-0.9692562487074032,-0.8622529281145013,0.0071424110802687,0.0111285862308433,-0.9336454467981516,-1.033174742938704,-0.1906494306482447,0
-0.2469744664395313,-1.329125896301569,1.1916206020731688,-1.7193122672284575,-1.4967397560373392,-0.697850125044115,-0.5499174031859042,-0.977719066281935,0
0.0469251486235109,0.2084989616007758,-0.1776284180519445,0.0071424110802687,0.0111285862308433,0.3042799924105393,-0.560347417712943,-0.8028147028077817,0
-1.128673311628658,1.2881079043832733,-1.8891896932083363,0.0071424110802687,0.0111285862308433,-1.5231337511832426,-0.7307043216545775,2.749930180260959,0
1.2225236088756797,-0.3803786435533137,0.335839964494973,0.0071424110802687,0.0111285862308433,-0.653638502215233,-0.7898077373077977,2.170559476252826,0
1.2225236088756797,-0.707532868638919,0.1646838369793338,1.4679886773414987,1.475290599737629,1.0558775805015306,0.684300982513693,0.8587767501966755,1
-0.2469744664395313,0.6665148767206233,0.6781522195262514,-1.8521164732522055,0.0111285862308433,0.0242730478276213,-0.9184445831412767,2.6078203849382096,0
0.3408247636865531,0.2084989616007758,0.6781522195262514,0.0071424110802687,0.0111285862308433,0.3484916152394218,-1.1131381876460018,1.0336811136708288,0
-0.8347736965656157,0.830091989263426,1.876245112135725,1.600792883365247,0.0111285862308433,2.5148611338546307,-0.3691304847172308,-0.5404581575965516,1
-0.5408740815025735,-1.329125896301569,-1.0334090556301403,-0.9224870310859684,0.0111285862308433,-0.6683757098248605,-0.6055441473301114,-0.715362521070705,0
-0.2469744664395313,1.6806929744859995,0.5069960920106121,1.3351844713177508,1.475290599737629,0.2305939543624029,1.7585924787986942,-0.1906494306482447,1
0.0469251486235109,0.830091989263426,0.1646838369793338,-0.524074413014724,1.475290599737629,0.3927032380683032,-0.2752603539738811,-0.2781016123853214,0
-0.2469744664395313,-0.5112403335875558,-1.546877438177058,-1.0552912371097167,1.475290599737629,-0.1967850663167878,-0.5985908043120856,-0.8028147028077817,0
0.0469251486235109,0.0449218490579732,0.6781522195262514,-1.8521164732522055,1.475290599737629,-0.0346757826108875,-0.07361340645113,0.0717071145629853,0
0.9286239938126376,-0.2495169535190715,0.335839964494973,-1.5865080612047096,-1.3874739341338478,-1.243126806600324,0.0063500382561678,-0.1906494306482447,0
-1.128673311628658,-0.4458094885704347,-0.3487845455675837,-1.188095443133465,0.0111285862308433,-0.7273245402633695,1.122361592649325,-0.103197248911168,0
-0.8347736965656157,1.3535387494003943,-0.0064722905363053,0.0071424110802687,0.0111285862308433,0.9969287500630216,2.6112461663841207,-0.0157450671740913,1
-0.5408740815025735,-0.5439557560961163,0.6781522195262514,1.7999991924008694,1.475290599737629,0.2158567467527765,0.8581345579643402,-0.3655537941223981,1
0.0469251486235109,-0.0532244184677083,-0.3487845455675837,0.0071424110802687,0.0111285862308433,-0.3883687652419419,0.8511812149463144,0.0717071145629853,0
-0.8347736965656157,-0.3476632210447531,1.1916206020731688,-1.3208996491572131,0.0111285862308433,-0.3146827271938056,-1.116614859155015,-0.8902668845448583,0
-1.128673311628658,0.1103526940750942,-0.3487845455675837,0.0071424110802687,0.0111285862308433,-1.1104919381136789,-0.8975845540871993,-1.0651712480190116,0
1.516423223938722,-0.6421020236217979,0.335839964494973,1.0695760592702543,0.0111285862308433,0.0979590858757576,0.6982076685497448,1.1211332954079056,1
-1.128673311628658,0.4702223416692601,0.1646838369793338,1.7999991924008694,1.475290599737629,-1.7884034881565332,1.2370917524467515,0.9462289319337522,1
0.0469251486235109,0.2412143841093364,1.1916206020731688,-1.188095443133465,1.475290599737629,0.4221776532875582,-0.8106677663618753,-0.8902668845448583,0
0.0469251486235109,-0.9038254036902822,-0.6055187368410425,-0.9224870310859684,0.0111285862308433,-1.1104919381136789,-1.09923150160995,-1.0651712480190116,0
2.1042224540648062,0.5356531866863812,0.1646838369793338,-0.3912702069909757,1.475290599737629,0.569549729383831,0.3227271455763463,1.4709420223562124,1
0.3408247636865531,2.2041397346229683,-0.691096800598862,0.5383592351752615,1.475290599737629,-0.1525734434879058,0.4131206048106827,-0.3655537941223981,1
-0.5408740815025735,1.4844004394346366,-2.402658075755254,0.1399466171040169,1.234905791549948,2.706444832779786,-0.0423233628700134,-0.4530059758594748,0
-0.2469744664395313,-1.3618413188101297,0.8493083470418905,0.2727508231277651,-1.4967397560373392,0.2895427848009129,2.6112461663841207,-0.5404581575965516,1
-0.2469744664395313,-0.4458094885704347,-0.8622529281145013,-0.6568786190384721,0.0111285862308433,-0.9189082391885242,-0.838481138433979,-0.715362521070705,0
-0.2469744664395313,-0.5112403335875558,-0.0064722905363053,0.0071424110802687,0.0111285862308433,-0.9483826544077786,-0.8941078825781863,-0.5404581575965516,0
-1.128673311628658,-0.9365408261988428,2.3897134946826437,1.3351844713177508,-1.4967397560373392,1.6453658848866215,1.9359027257583543,0.1591592963000619,0
0.3408247636865531,1.1899616368575918,-0.1776284180519445,0.0071424110802687,0.0111285862308433,-0.3588943500226875,-0.8941078825781863,2.6078203849382096,0
1.810322839001764,-0.3476632210447531,-0.1776284180519445,-0.2584660009672276,0.0111285862308433,-0.697850125044115,-1.1235682021730409,0.5964202049854455,1
-0.8347736965656157,-0.7402482911474795,-1.2045651831457795,-1.91851857626408,0.0111285862308433,-1.007331484846288,0.3018671165222686,-1.0651712480190116,0
0.9286239938126376,0.9282382567891077,-0.5199406730832229,1.7335970893889951,1.475290599737629,0.3632288228490493,0.8824712585274309,0.7713245684595988,0
-0.8347736965656157,0.7319457217377443,0.8493083470418905,1.4679886773414987,0.0111285862308433,1.3358845250844489,0.4965607210269935,-0.4530059758594748,0
-1.128673311628658,-0.5439557560961163,-0.3487845455675837,-0.9224870310859684,0.0111285862308433,-1.8031406957661609,-0.7932844088168106,-0.977719066281935,0
0.6347243787495953,-0.2495169535190715,1.362776729588808,0.0071424110802687,0.0111285862308433,-0.653638502215233,-0.7550410222176682,2.749930180260959,0
-0.5408740815025735,-1.0346870937245245,-1.0334090556301403,0.0071424110802687,0.0111285862308433,-1.287338429429206,-0.9497346267223932,-0.715362521070705,0
0.9286239938126376,2.0405626220801656,1.0204644745575298,0.5383592351752615,0.0111285862308433,0.481126483726067,-0.3795604992442697,0.6838723867225222,1
-0.5408740815025735,0.1757835390922153,-1.2045651831457795,-0.6568786190384721,1.475290599737629,-0.6683757098248605,2.6112461663841207,-0.715362521070705,0
0.9286239938126376,0.5029377641778207,1.5339328571044473,1.600792883365247,0.0111285862308433,-0.0346757826108875,-0.2544003249198034,0.5089680232483688,0
-0.5408740815025735,1.1899616368575918,1.5339328571044473,0.0071424110802687,0.0111285862308433,-0.0936246130493964,1.1849416798115575,2.749930180260959,1
-0.5408740815025735,-0.5112403335875558,-0.691096800598862,0.8039676472227579,-0.600760016428709,-0.2557338967552967,2.6112461663841207,0.0717071145629853,0
-0.8347736965656157,-0.4130940660618742,-2.7449703307865323,-1.4537038551809611,-0.5133473589059158,-1.346287259867715,-0.1987735807755963,-0.6279103393336283,0
-0.5408740815025735,-0.0205089959591478,-0.1776284180519445,0.4055550291515133,-1.4967397560373392,1.0116659576726492,1.4665520720416063,-0.8902668845448583,0
-0.2469744664395313,-1.132833361250206,-1.0334090556301403,-1.4537038551809611,0.0111285862308433,-1.5378709587928696,-0.0701367349421171,-1.0651712480190116,0
-0.5408740815025735,-0.4458094885704347,0.6781522195262514,0.0071424110802687,0.0111285862308433,-0.7715361630922514,-0.7133209641095127,1.6458463858303658,1
-0.5408740815025735,-1.0346870937245245,-0.3487845455675837,1.7335970893889951,0.0111285862308433,0.8790310891860039,0.1349868840896469,-0.5404581575965516,1
0.0469251486235109,0.6665148767206233,1.1916206020731688,0.0071424110802687,0.0111285862308433,1.7337891305443855,0.6286742383694858,-0.977719066281935,1
-0.2469744664395313,0.0449218490579732,2.3897134946826437,0.8039676472227579,1.475290599737629,2.706444832779786,1.4456920429875288,-0.977719066281935,0
-0.2469744664395313,-0.6421020236217979,0.1646838369793338,0.0071424110802687,0.0111285862308433,-0.4031059728515694,-1.1931016323533,-0.103197248911168,0
1.810322839001764,-0.216801531010511,-0.0064722905363053,0.0071424110802687,0.0111285862308433,0.0242730478276213,-0.7063676210914869,-0.2781016123853214,1
2.6920216841908906,-1.4927030088443718,-1.0334090556301403,0.0071424110802687,0.0111285862308433,0.0832218782661302,-0.9879780133215358,0.6838723867225222,0
-0.2469744664395313,0.8628074117719865,-0.5199406730832229,-0.524074413014724,0.0111285862308433,0.0390102554372487,-0.7237509786365516,-0.977719066281935,0
-0.5408740815025735,0.6337994542120627,-1.2045651831457795,0.6711634411990097,0.1859539012764297,-1.007331484846288,0.8164144998561849,-0.8028147028077817,0
-0.5408740815025735,-0.9692562487074032,0.335839964494973,-1.188095443133465,0.0111285862308433,-1.1841779761618152,2.6112461663841207,-0.4530059758594748,0
0.9286239938126376,-0.6093866011132374,-0.5199406730832229,0.4055550291515133,0.0111285862308433,1.0116659576726492,-0.4178038858434121,-0.1906494306482447,1
-0.5408740815025735,2.4658631146914525,-0.1776284180519445,1.7999991924008694,0.0111285862308433,0.3632288228490493,0.3853072327385791,2.5203682032011328,1
0.6347243787495953,1.4189695944175156,-0.3487845455675837,-0.3912702069909757,1.475290599737629,0.201119539143149,0.5800008372433044,1.3834898406191356,0
0.3408247636865531,-1.198264206267327,0.1646838369793338,-0.9224870310859684,0.0111285862308433,-0.4767920108997058,2.6112461663841207,-0.103197248911168,1
2.6920216841908906,0.2412143841093364,-0.0064722905363053,0.1399466171040169,0.0111285862308433,1.129563618549667,0.3644472036845014,0.9462289319337522,1
0.6347243787495953,0.830091989263426,0.6781522195262514,0.0071424110802687,0.0111285862308433,-0.4031059728515694,-0.9949313563395618,1.4709420223562124,1
0.3408247636865531,-0.216801531010511,0.335839964494973,0.0071424110802687,0.0111285862308433,-0.1525734434879058,-0.4212805573524249,0.9462289319337522,1
0.3408247636865531,0.1430681165836548,0.5069960920106121,-0.2584660009672276,-1.4967397560373392,-0.3883687652419419,-0.0875200924871818,0.5964202049854455,0
2.398122069127848,0.960953679297668,-0.1776284180519445,1.4679886773414987,1.475290599737629,1.409570563132585,0.9659113747437418,0.421515841511292,1
-1.128673311628658,-0.1513706859933899,-0.5199406730832229,0.2727508231277651,1.475290599737629,-0.2115222739264148,0.1002201689995173,-0.977719066281935,0
-1.128673311628658,0.6337994542120627,1.0204644745575298,-0.3912702069909757,0.0111285862308433,0.0242730478276213,-0.1083801215412595,-0.977719066281935,0
1.2225236088756797,-0.5439557560961163,2.3897134946826437,0.936771853246506,0.0111285862308433,1.6306286772769942,-0.7828543942897718,1.0336811136708288,1
-1.1212026400633297,0.43168573686207745,-0.3922909385510692,1.7352849728615285,1.475290599737629,1.4765136761152242,-0.3228770436278142,-0.8028147028077817,1
0.6347243787495953,0.5507200410992543,0.9835319168849092,1.0695760592702543,0.16909911521748033,2.636484024988218,-0.5320024521838614,1.4332006596310485,1
-0.8347736965656157,0.16671715562700962,-1.0118918647776947,0.0071424110802687,0.013875894875498077,-0.318388154669541,-0.4004205282983474,1.194842722852359,1
0.8484420590906048,0.6070062759108651,0.6159216335131561,0.8281449260171805,1.475290599737629,1.881183954577332,-0.43491639096982454,0.803166267489217,1
-0.649995492903421,1.627408974499429,-0.45639245033239095,1.5703863117847505,1.475290599737629,1.1320081896308076,0.44869679523204964,-0.39802374308502686,1
1.0730548785100282,2.005043261745169,0.7681310622137201,0.0071424110802687,0.0111285862308433,1.7089472785305801,-0.7944570411445715,0.769825517176903,1
1.543589401670763,-0.6783900459353649,0.4070325041843891,1.0081982540691512,0.0111285862308433,0.12520332715257892,0.749625429602346,1.201968430616047,1
-0.8356057508884098,1.2718891232635958,0.3145060182145416,0.7050224573264596,0.0111285862308433,2.5113124293098745,-0.457475561666181,-0.497103443358618,1
0.6194666933325914,1.3469065329626755,-1.0027320319251551,-0.6092725200287827,1.475290599737629,0.19354148788321834,0.3453920752653363,0.7622444757368592,1
1.6601100765083159,1.187049408672794,1.2790988885836505,0.2019254328354666,0.09660028466433612,-0.34612347041071434,-0.5995185616875535,1.2338467368162522,1
1.1552799161105616,1.9712593513389312,1.4947726491162188,1.0166651581773933,1.475290599737629,0.45851271205521466,0.1463991704022229,0.3940903560232647,1
0.024300782757240943,2.0330315023188037,-0.019647873799104598,0.027588922689453867,0.0111285862308433,-0.4914747772178446,-0.8689631431143451,0.17255880632817341,1
-0.33213230691484497,0.013710195200299535,1.4075325648835828,1.7999991924008694,1.475290599737629,0.49846791465961626,1.4927448861732842,-0.17921543906755857,1
-1.0339075631008179,1.6923807209912562,-1.778813648410409,0.872539258102822,1.3660715456847135,0.6727732607035697,-0.05039029239237347,-0.935421606343467,1
-0.30895996518316904,1.3926382565186537,-0.05730164224891099,-1.3790122754829603,-1.4967397560373392,-0.04285765869868341,-0.6707876847490004,-0.4099693200723117,1
0.6911177253340558,0.01486304303321051,-0.13783778166800564,0.0071424110802687,0.0111285862308433,-0.688768457039319,-0.09153849255868707,-0.28165233693252856,1
0.4976540144320623,1.4232993958160898,-1.4213870513821454,-0.08130020132770543,1.475290599737629,-0.12607137797412815,0.4368766359310044,0.4127890993190285,1
1.1847459258114192,2.0012894499686213,-0.32678423795096767,0.885560130457862,1.475290599737629,-0.4093983256149337,0.3223801277454721,2.2892585805905776,1
-1.0709726106031812,1.5634622482405385,1.396379456629944,1.7999991924008694,1.475290599737629,1.8158015004644945,-0.7716533371861328,-0.542063813278221,1
-0.0627405883542792,0.24609482075064332,0.12125814462088932,0.0071424110802687,0.0111285862308433,-1.1551421124709194,-0.6624164474942307,2.2149361701557897,1
-0.8347736965656157,0.7422175452848443,1.8394667406260106,1.6221958087151491,0.1684396193349429,2.5211946552347886,-0.3814572079892713,-0.5028743576362795,1
1.2456489483851336,0.5235313332450929,0.20508583162373123,1.7999991924008694,0.15944262210879143,0.8755523204643686,0.28375283711573007,0.7172767829212059,1
1.459829959664841,0.13533691961410477,-0.1776284180519445,0.0071424110802687,0.0111285862308433,0.1845443916077943,0.855859538807857,0.8316037711205605,1
0.21866985586980714,-0.48448182359355674,-1.0578836460375691,1.6145923957778672,0.08943711262733989,0.7519740712050966,0.16672765518108718,-0.7062754785475509,1
0.3273084452723326,-0.0487107133280816,-0.7533964414890999,0.0071424110802687,0.0111285862308433,0.0028160832390584922,-0.7926721280284827,0.35382998010389144,1
2.446638396511295,-0.9404530870369779,-0.7115644382920969,-1.7650573124521025,1.475290599737629,-0.5371456920701811,1.4089551356761723,0.9654774937423711,1
1.516423223938722,1.8914227191378248,1.0865362884426861,-1.6704919835345462,0.0111285862308433,-0.30254691230811526,2.3007055836233317,1.0446215772180396,1
0.17245196329119486,-0.216801531010511,0.13973193972977108,0.0071424110802687,0.0111285862308433,-0.3467585669978326,-0.3555525423948138,1.046430279503377,1
-0.5408740815025735,-0.10692816695157903,-0.41108032142705014,-0.028988176864642334,1.475290599737629,0.2347387488765863,1.3011354068884216,-0.38950665273339546,1
0.21803107977350789,-0.49966296447637515,-0.7907424859608834,1.6192884476792788,0.23684482931158568,0.5745967219522998,0.16790413654282457,-0.6910036923837392,1
-0.8347736965656157,0.36343328241240097,2.548970624801264,-0.12843161146958412,1.236576978114184,0.08547588806741269,-0.8002619221089812,1.0324651557054816,1
2.763917273911395,0.7854220802366836,-0.0064722905363053,0.8546695933918154,-0.5020739555518369,1.2016658043045128,0.7862879903159065,1.0745875793647772,1
-0.7606425121831446,1.6448372949658783,-1.817747242326973,1.0476397269640056,0.8641332649074255,0.7831734230758163,0.2539932372696127,-0.9047120604690899,1
1.9736676540651208,0.7793622822658574,0.4498853026884162,-0.2436492006284333,1.1500887807432212,-0.01002777833170515,2.6112461663841207,1.5389703914867785,1
-1.128673311628658,1.2384729580260638,0.2948085803028275,0.8253414786770433,0.0111285862308433,2.4318861388242614,-0.41453092435984856,-0.5964628756694882,1
-0.5370987898207079,0.5199852530363749,-0.23321473491163625,0.0071424110802687,0.06902940440123205,-0.45248240756336466,-0.3687285480177504,0.8894253017667363,1
-0.8515525126095614,1.556338258253653,1.4409475615652438,-0.023184914693965664,0.0111285862308433,0.4015509848563766,1.4393212539640774,1.590927005392841,1
-0.8347736965656157,2.1327433231416464,0.4516779297642393,1.7550584437747772,1.0020691440188232,1.2824309787269679,2.6112461663841207,-0.977719066281935,1
-0.8458188095599568,1.7982706689136254,1.4515709233978333,0.3806002931383101,-0.24125415723897692,1.7768930681982835,0.7042974928288298,-0.8481840745439735,1
1.2225236088756797,0.47576551378332577,-0.3674502982600303,0.0071424110802687,0.0111285862308433,0.17824634638293746,-1.1095329619675849,0.6059574667850267,1
-0.05994545154129068,1.1453596509553683,-0.11539098345865287,-1.4114573996415893,1.475290599737629,-0.2289416641640285,-0.12102698264614173,-0.20654627960762106,1
1.2059371388232987,-0.04953177412332678,-0.0064722905363053,0.0071424110802687,0.0111285862308433,-0.3394004141294929,-0.9593986794206686,0.39930637564013693,1
1.2225236088756797,0.6869447731061019,-0.5006585463568873,0.0071424110802687,0.0111285862308433,0.3816347978534791,-1.1468795230948774,0.6773042547476396,1
0.26682604386378955,1.3693133750450543,0.3142929231297398,0.0071424110802687,0.0111285862308433,2.0807964270242305,-0.520997733985195,-0.4303636021330608,1
-0.9809148410380607,1.6168824227295664,0.16374196682665104,0.469399262231002,0.0111285862308433,2.092296108566517,-0.49159840290871926,0.03159038613566101,1
-0.010305964886769492,2.308369338222377,-0.2291255844136335,1.540272809608477,0.4516631781526833,0.15925994146688865,0.4271494346353765,2.4677432739394516,1
0.004169068516181762,2.0962745796374236,0.06717944502475873,0.0071424110802687,0.0111285862308433,-0.2389428827502183,-0.43116226046845935,-0.31573394876164396,1
1.7886407197450682,1.2808672719767458,-0.36772482676280893,-0.7749865997940447,0.5702666819013557,-0.9463873761304834,-0.4525550686395788,1.2053596331212075,1
-0.8991755277282764,-0.7554969274723016,-0.5574458873188815,1.32883355241602,-0.9080141755532324,0.46580038668685153,0.1498216687596554,-0.8069968121748018,1
-0.24382501085670205,1.598466191330386,-0.265499138016646,0.0071424110802687,0.0111285862308433,0.3837948627244143,-1.2256922497535299,0.5533969733957718,1
-0.5711332518551695,-1.0111090063615336,-0.3664063529941618,1.699414115954751,-0.06649459307851427,0.844133049131853,0.13623970704417973,-0.5629678031461107,1
-0.3770859043469378,1.4216952191380086,1.3150846798241445,0.7735326797161108,-0.36720399121640285,1.786942814626804,0.6311821476552001,-0.8515511852694096,1
-0.8347736965656157,-0.805085334602635,0.8964109141989673,-0.5362570891942146,1.475290599737629,0.4006809222609575,-0.7494964286309218,0.8347097049608738,1
0.32855373842670205,0.25077602450591163,-0.1776284180519445,0.0071424110802687,0.0111285862308433,-0.1772867567147038,2.306583532725979,-0.7472667562831915,1
1.2225236088756797,1.7584780855426578,0.06792664507571751,1.5411706049391207,0.31011663299834,0.06207863322176738,0.7469124129223939,0.3606538322191677,1
1.2287232682644835,-0.11589480425428066,-1.0406299544576263,0.0071424110802687,0.0111285862308433,-0.26866893334135233,1.6091965858306252,0.02705864456941593,1
2.3728181130485044,-0.9636228312284711,-0.8475168518782761,-1.9118486960938295,1.475290599737629,-0.6782490559863407,1.595441646300491,0.9424642346488594,1
-0.09535475361890938,0.19889904422613916,0.15924468113031479,0.0071424110802687,0.0111285862308433,-1.1289758053436942,-0.6658887169365473,2.1761177469698496,1
1.516423223938722,-0.3417677490414692,0.16749193432683898,0.7212418327888693,0.0111285862308433,0.1607725704498106,0.6833892675347674,1.0924608337145174,1
-0.9885535050417184,0.31939743663703357,-0.09602789101989423,-1.283069196287181,-0.34831764923269515,-0.7406918224054504,-0.5823544394413166,0.058989515531693404,1
0.9984655765165306,-0.1018031130625196,-0.39792130773702344,0.0071424110802687,0.0111285862308433,0.08672399208778817,-0.7068833834744834,0.7089788034052712,1
-0.27258329347009924,1.1778798937569648,0.2735206193839807,0.25980049531012883,0.0111285862308433,2.419558374998683,-0.6672733536468062,-0.24580568855733975,1
2.7849258311559777,0.38599707762023355,-0.11468008129014673,0.30786873529209885,-0.8730915177650785,0.8686845041817801,-0.549925110232334,0.8909401875590711,1
0.6650202882349692,2.2469723205604346,0.335839964494973,-0.16080333651206516,1.475290599737629,1.344294396110972,1.4326865148119707,1.8619211968738174,1
1.4087177469993073,0.9816798714569368,0.5069960920106121,0.5738258496116242,1.475290599737629,0.7594079247699987,1.0105542739162028,0.08040081183324055,1
-0.11053882478658364,0.08117608669072543,0.3603321900522973,0.0071424110802687,0.0111285862308433,-0.05725896719376339,-0.25811987049129637,1.0274239653242443,1
-0.2469744664395313,2.1003086059239475,-0.27035030243268476,-0.9224870310859684,1.475290599737629,0.567189684191606,-0.13722395311243732,0.2466114780371386,1
1.025433060108971,1.3042723497119841,1.078864653807425,0.0071424110802687,0.0111285862308433,-0.21221875279799057,-1.0498622710169672,1.1797791649702363,1
-0.5298058792848038,1.0689563983028618,-1.4984196708735873,1.0745774397835492,0.4808025720526976,0.608746550312258,0.5214118032520827,-0.8869734524264001,1
1.2773413272843288,1.7122306489556014,0.08929906731376824,1.5354335479299164,0.568656219380377,0.10971610081851985,0.9987805948723072,0.197677126030688,1
-0.23499066803244514,0.3553683634407436,0.6851311348536668,0.02338774197932779,0.0111285862308433,0.34365458080275113,-0.1946091488369094,0.9212678063065365,1
1.1690968068457375,0.7943971546408042,1.067165528676381,0.0071424110802687,0.0111285862308433,0.2861874701272241,0.8518156949323445,1.4987550071645173,1
-0.9391458917543389,1.4474067445015988,0.6669609756956258,0.9795926621658023,-0.15798114983769967,2.316730908729593,-0.0321476670012697,-0.6843057393869864,1
-0.22747384029301723,1.6779795853266268,0.5211916348265309,1.3417932716690157,1.475290599737629,0.241350118625326,1.7480387897006302,-0.17759365417804296,1
-0.11779538480347829,0.20375140746059622,1.1163915434569782,1.443620675367654,1.475290599737629,2.3221464580023774,-0.6314380627183244,0.44937846739764375,1
-0.7682066754215364,-0.2026808179287175,-0.691096800598862,0.4055550291515133,1.475290599737629,0.5189771958796271,0.7779036739393298,-0.41675446025235235,1
2.7441634743471686,-0.6231044669218305,0.17572026285579057,-0.1813477723009117,0.5306531078719374,0.12980131818925034,-0.06250836871376482,0.6697591504582728,1
-0.38713540240912075,-0.9263021371965873,-0.43831619383925857,1.710440494227791,0.05685408505710055,0.8173589068405023,0.14165524684399672,-0.5709556068729308,1
-0.06530790683513449,0.3197210888744972,0.20511930909411957,-0.11362672998266676,1.475290599737629,-0.012164669915458198,0.09290627693959469,-0.5945144957876218,1
-1.128673311628658,0.5195630096801005,2.268680879990384,1.7999991924008694,0.22555695880950527,2.2219959102647557,-0.4348039820481463,-0.7970145882777577,1
-0.17259433861829898,1.6844297248861728,-1.2262232833771622,-0.8384617949766526,1.475290599737629,0.07558092688095286,0.4467874746731426,0.2632107796076445,1
-0.16613976134430422,0.2628767031793085,0.6310771150216059,0.0071424110802687,0.0111285862308433,0.25416360947452016,-0.24436573207655213,0.9462289319337522,1
1.1291025323818924,1.817400026518921,0.8453376869425744,0.3571790513646753,0.0111285862308433,0.34541461187575356,-0.6250160619778142,0.8031803727883173,1
2.5252725631286053,0.8340387315966691,1.3979810378067272,0.6287778005337137,-1.444664890274267,-0.7826154670636077,0.8917675637370668,0.7396946661741393,1
-0.5630065981022945,1.2145984378136694,1.5210437084317916,0.0071424110802687,0.0111285862308433,-0.055891216469601934,1.2111232349893348,2.666785624585116,1
0.3047748468618396,-0.14797005458812046,0.22766620080096056,0.0071424110802687,0.0111285862308433,0.0095358402179938,0.6279444148578764,0.07334376701915157,1
-0.09535657625109378,-1.319647972143894,0.6727151865426637,-0.03555077449489519,-1.1077977414525308,0.09187314022313409,2.6112461663841207,-0.4276703670740357,1
-0.9288121956569623,1.2168002879514592,1.4757370431301216,1.5516436739907595,-0.16720160258695738,1.574043442861782,0.0011502843347154235,-0.9759658370198383,1
1.1688052838727472,2.0261314957929164,-0.317501005158195,0.8639508715033706,1.475290599737629,-0.44936444629708416,0.23714691029278856,2.2655422528994476,1
-0.11624815618825968,0.09198016417521507,0.3736317930913104,0.0071424110802687,0.0111285862308433,-0.04151318910271734,-0.256363875624811,1.0240262508547684,1
0.18516066258980513,0.6088442812918217,0.9298115326296971,0.9677344626079508,-0.6980964164702836,0.6806354143606375,-0.12594998513147743,0.25179749357113645,1
-0.16631573696976207,-0.12976623231432377,-0.2548392997841483,0.0071424110802687,0.0111285862308433,-0.44875848944696606,-0.32925310372240174,1.1422838059052602,1
-0.06252632185431942,0.4763141344402329,-0.16169330885329905,0.0071424110802687,0.0111285862308433,-0.08259762776039642,2.415048591389426,-0.953292945770776,1
-1.0984650624565941,0.5619242256745249,-0.3487845455675837,1.7404221792173757,1.475290599737629,1.4847713538947611,-0.22436782968612334,-0.7668598779470883,1
-0.15917318243875012,2.017484026406669,0.13059571756651758,0.0071424110802687,0.0111285862308433,-0.24986365769228056,-0.42021284729343006,-0.34813647779703083,1
-0.3844002132747999,0.18237213913357536,0.9293399545832064,0.0071424110802687,0.0111285862308433,-0.02831357975284081,0.513763285897729,-0.3800277674085177,1
0.24118403860243637,1.1854889483545423,0.6259750952366325,0.0071424110802687,0.0111285862308433,1.8993836688269838,-0.07220853122954624,-0.6887026321019221,1
1.7076902794467743,-0.4634601548501297,1.3750046514847394,0.26642552827453747,0.0111285862308433,0.27948301006090237,1.1439931949273527,1.6597245817617825,1
1.3553401829582232,0.4532393216545322,0.009989041036943813,0.0071424110802687,0.0111285862308433,0.3299292653481994,0.6911214222717217,1.2493730776499117,1
-1.128673311628658,0.2662522533170887,-0.0064722905363053,0.0071424110802687,0.0111285862308433,1.4521302639895866,-0.7212226612956187,-0.6459062038246439,1
0.37401002013042683,-0.11759383243380772,0.12603213624588108,-0.08282997556837202,0.050608889132392365,0.06112079525205433,0.6345018284195675,0.0999120650255611,1
1.807548439461552,0.8942875056375186,0.5274496229562394,1.7561490123626855,0.05291259996458697,0.9321400597766838,0.7386149415650709,0.7311727513644826,1
-0.9399804579656215,1.5526272103932528,-0.1902777221884458,0.4825394412213484,0.0111285862308433,1.155192368512045,2.6112461663841207,-0.2661859754671906,1
-0.590331488149499,-0.9961496506591653,-0.3775866867232917,1.677726383158828,-0.11574340330474388,0.8219916350956589,0.13703457322312032,-0.5772492751470429,1
0.29332214683101165,-0.216801531010511,0.28051247489544,0.0071424110802687,0.0111285862308433,-0.20735842953956232,-0.4027368691564972,0.9744984992916166,1
1.1628938389923809,0.2691919540377068,0.08034307068562829,0.0071424110802687,0.0111285862308433,0.06656349819488325,-0.7068200161314644,0.48235305062418354,1
-0.30008589497462734,0.08354936785895714,-0.9296150061658545,0.0071424110802687,0.0111285862308433,-0.14487837909223167,-0.6597481482749367,0.5721829451130424,1
-0.5381710715727311,1.0942224527676785,0.16153557350080625,-1.5852866540670036,-1.4967397560373392,-0.8237080505772237,-0.11365601754946504,-0.5396538553671288,1
1.16287871409932,0.9045190445408862,0.5243635683405994,0.47293426757315393,1.475290599737629,1.6210282842301202,0.08210987797471352,0.3353505561157567,1
-1.128673311628658,0.9870091403639186,-1.3213777262067832,0.8486560276047584,1.475290599737629,0.5071810324850816,0.150342089707201,-1.0357437435768446,1
0.9315991889006636,0.6615471210978768,1.5304675727435892,-0.6515010220471145,1.475290599737629,-0.26763654710986434,-1.16644206649619,0.8556782243438967,1
-0.9868890383967357,-0.12276616439058147,0.02105099281764955,0.028498396670995685,0.0111285862308433,0.00531415471530702,-1.0922599030091868,-0.7887516878704334,1
-0.6735010470986916,0.841666660988993,-0.1609462447176491,0.0071424110802687,0.050574964952550566,-0.5781428560444555,-0.6083671456344114,0.09949302943813865,1
1.200279642204214,-0.6046098629654754,0.8099872816059769,0.3136684367702909,0.0111285862308433,0.4946692697933165,1.9809337909462195,1.2090544333474564,1
-0.4385856296433618,0.12318220934541242,-0.22964661946967296,-0.2643248207352668,1.475290599737629,0.0723134900012408,1.0338433478053246,-0.36941185394188697,1
0.40673742740746593,1.7152166227402408,-0.5759416010152343,0.0071424110802687,0.0111285862308433,0.031857018395997305,-0.993944062547444,0.4877439826325865,1
1.8547848881511393,0.029109168728582602,-0.12836612815925277,0.0071424110802687,0.0111285862308433,0.1622925477199345,0.4658878366749458,0.8574872283738733,1
-1.128673311628658,2.1265226932506858,2.447779304205922,-0.4610590596249814,0.0111285862308433,0.6469261200587665,0.10560734437966716,0.3104092810214583,1
0.5390895327189564,0.6602856232786632,0.7895405239896476,1.2424338534878898,1.475290599737629,1.7319148602201297,-0.6087157318366015,0.6373657652174646,1
-0.3959866233415022,0.11726891289850708,0.3406441045991344,-0.5577414206782209,1.475290599737629,0.10272923249323337,0.1662343215732963,-0.2522497213466681,1
1.2225236088756797,1.3898379705919262,-0.682350499490622,0.07403203959779514,1.475290599737629,0.058694494035004985,0.36175775931578186,1.550098438828925,1
0.11925885560515592,0.17034269018615883,0.9267273585813856,0.027166176336558004,0.0111285862308433,0.8650122481262051,1.6569748097034487,0.34724940148137506,1
1.5244059263421121,0.23445601602482974,0.27723831302981966,-0.5659377230568312,1.475290599737629,-0.14761222194039325,0.619946666436973,1.5859613866964009,1
-0.5007223370509952,1.614547631948226,-0.6134721612664324,-1.2091391969925467,1.475290599737629,-0.5064238590380783,0.22876333969825458,0.13335441461082226,1
-1.018549398805473,-0.24545706073298373,0.3679059855097388,0.0071424110802687,0.0111285862308433,0.14310287130160426,-0.563239695161563,-0.857498633263735,1
1.702251306029999,1.3241978379637653,-0.0341004811778034,-0.4966775934560622,0.34274643801628374,-0.5969996756716394,-0.7079439889577228,1.144270378671485,1
-0.6788879490146827,0.5034900169060369,-1.96956380020321,1.6415092379607157,1.086991367085987,1.089011566621451,0.5533795891989027,-0.8028147028077817,1
0.1903420731604741,0.05290407332883292,-0.6534513155410725,0.0071424110802687,0.0111285862308433,-0.19288772789025238,-0.707596522395439,0.031134736491549048,1
1.2463201715827434,-0.6898734465480109,0.17854206377643422,1.45723574180013,1.475290599737629,1.067412303180105,0.6959363284953863,0.8705781795505356,1
-0.4253428115408549,1.0663150336280427,-1.0027219302782646,0.7471793600317059,1.064145808975439,0.07437710754990182,-0.23682383767444706,-0.5434762527807606,1
0.27736981193020155,-0.22591171045420255,-0.9546373959537938,1.5577828687835509,0.24505706629709667,0.5476111591543591,0.22502424658513265,-0.7248032853464995,1
1.6248314397697512,0.8008635113390681,1.2365109608599953,1.0875473474107396,1.475290599737629,0.11161871331855078,1.361689109352375,1.668783103737292,1
0.5820442793041409,0.5021661931708324,0.884427649737684,-0.2108569642653253,0.0111285862308433,0.7606815589076411,1.6207473658039806,0.24434266390886722,1
-0.8347736965656157,2.2384080822038825,0.4209666736090097,1.766973249422955,0.7393484614335333,1.3591173747676266,2.6112461663841207,-0.977719066281935,1
-0.620017822768476,1.7914271198954344,1.1652954599060545,1.0721542000775828,1.475290599737629,0.9844803010680219,-0.7697524191746951,-0.8297163527863077,1
1.959471693439705,-0.508792465507013,1.1047618957644998,1.2717634135007136,0.0111285862308433,2.059330917551268,1.963442252221706,0.7321788855908167,1
-0.6052463407352017,-0.9659813451510633,-2.377382959909471,1.7076679994127715,-1.1511389104084628,2.2805990388452373,0.12286850672077264,-0.6449847645854327,1
-0.6224452979887787,0.0867173678821108,-0.7763207359355633,0.3166525226517194,1.475290599737629,0.11432020907177397,1.5122587110658348,-0.3266459484991055,1
2.0680465121610143,0.960953679297668,0.01459522302323299,1.1696866720025394,1.475290599737629,1.4550863696922856,0.7453007350420398,0.3724075301774398,1
0.9143310874644573,-0.2487214464035625,-0.49913153982718333,0.0071424110802687,0.0111285862308433,0.0774882871376652,-0.7096118522634859,0.7755775370905512,1
1.601931727477629,-0.24327650837127074,-0.11694882912240491,-0.1643004604562858,0.0111285862308433,-0.5672314155796007,-1.0717999947180772,0.5344117625671356,1
1.516423223938722,1.5021391860605513,1.035621263572017,-1.1964174960515952,0.0111285862308433,-0.23240320874484535,1.5105537985058042,0.16011091158123225,1
0.37582316196452725,1.2464513913775064,0.9389374495258955,1.5849781825041647,1.475290599737629,1.040960519037573,-0.26968147690125094,-0.30306947369777704,1
0.6347243787495953,0.9009325545031814,0.6702668131768793,0.0071424110802687,0.0111285862308433,-0.443843820386599,-1.0027799413215863,1.5072034404679115,1
-0.05316014314595918,0.475792836558184,-0.16305693676839386,0.0071424110802687,0.0111285862308433,-0.08858572451693913,2.4219456900276097,-0.9553831818257204,1
0.48208314669275537,-0.4130940660618742,-0.31096722238719743,1.6279439793851453,-1.3268678386411543,0.0015637430806507147,1.1915749758601402,-0.46605440970213213,1
-0.5499594687985959,0.07965995052771249,-0.3487845455675837,-0.14413612811684742,1.475290599737629,0.09249218907427803,1.4465928964630037,-0.28486018657393547,1
-1.0865390179033918,0.8460443422604563,1.509395422619968,1.7381218159167116,-0.026466603404720845,1.4896992496081083,-0.38474168102709183,-1.0526338518355054,1
1.3905800675721667,1.371891185545294,0.28713706994189137,1.1260806879928957,0.998074492239863,0.19488920446735739,1.2318626931472512,0.09659184669265213,1
-1.118873175781385,1.8213495236732142,-1.8948969252521302,0.9655563250770599,1.475290599737629,0.8333504598199128,-0.013576370329161369,-0.9718868486318375,1
-0.2148982422511715,2.3373818002980027,-0.1776284180519445,0.26308798301219,0.0111285862308433,0.37125764004915607,-0.764897170415606,-0.6962734468195669,1
-0.8347736965656157,0.18933947891592806,2.3092862983620646,-0.18422468262244635,1.2702400854028295,0.13087894203758316,-0.8007487896731074,1.0079718260426282,1
-0.955596479558677,1.8288204099811927,1.4835361249865466,0.13257451229150896,-0.1433027747318242,1.7658837559654297,0.7302696872822665,-0.864516686523308,1
1.7646822314715331,-0.3051971164336875,0.480416711698529,1.223003853535837,1.475290599737629,1.3186739110650496,0.9493898202805253,1.127649476140904,1
0.09067602356170984,0.5350214561619935,1.3444938270667488,0.0071424110802687,0.0111285862308433,1.8785818958472562,0.4030229210763434,-0.8996085291429711,1
0.1400684039439484,0.20779498793413037,0.10201399571777453,0.0071424110802687,0.0111285862308433,-0.8975064480328143,-0.5780198523574779,1.9020155070644904,1
-1.0788594586216378,2.0150564416253904,-0.37489206225931904,1.4139671950942585,0.0111285862308433,1.4615256265179901,2.6112461663841207,-0.7598300525296303,1
-0.965029634925533,1.3230727436972398,1.6486765732233786,1.6890808680401665,0.6600433421734908,2.1229704254060704,-0.5786869583324832,-0.5792168541376869,1
-0.7972455219700967,0.8600145341263101,-0.28321953587757076,0.0071424110802687,0.09296036289288746,-0.38459447031894217,-0.3886561777822768,0.782491377045871,1
-0.06830101494381102,1.86257610147143,-1.0484860945020202,-0.4784332945039358,1.475290599737629,0.02180466198555156,0.4373192744459223,0.06053147579028373,1
2.356940167287587,0.6952724292430612,1.2412244701458577,0.6897722773326356,-0.4378403171909704,-0.6749939311045955,-0.005814178652656543,0.8089236571487698,1
-0.5123139473901686,-0.7711162696711429,-0.3868818542084039,-1.0461355250400801,-1.4967397560373392,0.11657651800093875,1.5181518360962047,-0.46150427225328794,1
0.6347243787495953,0.026935459413765295,-0.04584067365259156,-1.0453261229777084,0.7898580446985378,0.1543347625577119,0.51150588604111,0.038467701615586325,1
-0.24405129681381496,-0.32047947097112517,0.15617211448011192,0.1386257265641204,0.0111285862308433,-0.09303829914567663,-0.9301194595231232,-0.7101436460211079,1
-0.6700911439476167,1.979079616515752,-0.691096800598862,0.19575785636433257,1.475290599737629,0.21493660794669087,-0.3492389733041747,0.3112599666809768,1
-0.8239995410177325,0.3719092455701947,-0.0064722905363053,0.0071424110802687,0.0111285862308433,-0.35002480533078434,-0.9451640706427314,-0.6214984669748644,1
1.7022028181315523,-0.642723112027928,1.1286555516593189,0.9718638283518194,0.0111285862308433,1.7942881380381526,2.3318829473712515,0.4751358035093714,1
0.18844875677795375,2.076926771658228,-0.8242039191460124,0.15966203832375336,1.475290599737629,-0.087627549603428,0.42213322841964274,-0.20686134445760776,1
1.6322289248184605,-0.038380886168418005,-0.0064722905363053,0.0071424110802687,0.0111285862308433,0.046598757464630366,-0.6968872304228365,-0.03963190204772338,1
1.1350837956843627,2.078683379089848,-0.2978628735085492,0.8182377582299457,1.475290599737629,-0.5339104182663256,0.05684106397577926,2.215371759942818,1
-1.128673311628658,-0.15650527037772757,0.11658593610151938,0.0071424110802687,0.0111285862308433,0.07195410939176625,-0.9523411300562864,-0.8342529882971226,1
2.433162094145941,0.2412143841093364,-0.2577225062087319,0.37388800773958075,0.0111285862308433,1.1858110300481168,0.2337947364546863,0.7921774480069003,1
0.8165666277707816,2.3240590347503214,-0.2182685200381692,-0.15097943532744018,0.2902547406780298,0.7564055998878663,1.167887306016632,0.883933781249394,1
-0.4292588810837404,0.030438029038055703,0.7756529876276573,0.0071424110802687,0.0111285862308433,1.6024622284123882,0.7638661499703274,-1.0485652501010587,1
0.26268997488549256,1.2551934157686204,1.0204644745575298,1.4595660418488703,1.475290599737629,0.9833952154899286,-0.3038076248207349,-0.4469275043963451,1
1.2225236088756797,0.1656268029379867,0.2318940871461561,-0.6338345799728782,1.475290599737629,-0.45323825830778086,0.7312591314827241,1.6003225680389268,1
1.229190662193922,1.7059869695746364,0.7579063200867432,0.2667255500272391,0.0111285862308433,0.2776609882523679,-0.7475587959845924,0.8627444203027601,1
1.22341488572546,0.1742953524520387,1.1905825095658344,-0.12405083244722681,1.475290599737629,0.010384986302894472,-0.9386087532683048,0.5517658911670434,1
1.2225236088756797,0.09854932570094899,-0.11004133874415073,0.0071424110802687,0.0111285862308433,-0.18376420945539507,-1.0154161146384024,0.47443442151001836,1
1.0314994598152327,-0.42454564395971534,0.3785981290318817,0.17977829862229977,0.0111285862308433,0.2615133861233353,2.0951127119271327,0.5526625707951272,1
0.9597481487256875,0.883594915246271,0.6600266774905061,0.7617754992626342,-0.43826612449959335,0.13846962394198897,-0.2362910393042375,0.7730446455335507,1
-0.36700737813109396,2.005094307630982,-0.10772574623269854,-1.0580849930848069,1.475290599737629,0.2225333948420769,-0.1676083987505625,0.19303634828358646,1
0.6347243787495953,0.29683584516844863,-0.13997589856812093,-0.8627215912960787,0.4833695149812477,0.37723349986929144,0.33941182590551944,-0.25012252007266433,1
0.9245136694001629,-0.3573482536724732,-0.061928533720444656,0.0071424110802687,0.0111285862308433,-0.1660740103990437,1.3597884572205212,0.04337176059237314,1
-1.128673311628658,-0.49480633616560254,1.1490311220270149,0.05702140690167149,0.0111285862308433,-0.3842892730117895,1.1112934580161538,1.7320750360423427,1
0.9010027378705282,2.397357610804263,-0.11328607853366088,0.4884344475707084,1.3376858134669487,-1.0737036094190153,-1.0581907362833778,1.9410786337734627,1
-1.128673311628658,0.13554762902711964,0.5709672131719844,0.06314858211971885,0.0111285862308433,0.36285516622388414,1.5155934823156976,-0.23591833829812453,1
0.0786154099235698,-0.4272044661400196,-0.6541863582159188,1.749879698491092,-1.4967397560373392,0.41027704426385964,1.5283602084173913,-0.6090509577729295,1
-0.013739226746143363,1.2429356160608636,0.9643269607762668,0.0071424110802687,0.0111285862308433,0.42116367498962903,1.1878190501182266,1.727281510826651,1
0.07199163207363252,0.37992235657935536,-1.25364879422426,1.4185767348901621,0.15343061506166716,0.6197000801306279,0.3926605334736695,-0.755359245594685,1
-0.6663449691652459,1.8674218095184134,0.5069960920106121,1.619435438943153,1.475290599737629,0.8824861150363953,2.3669257111115933,-0.7521911473753048,1
